,Fact id,Fact,SF,Fact actions,Recourse,fidelity,uncertainty,num_cfs,sparsity,exceptionality,Value
0,0,"[12, 19, 10, 11, 12, 15, 16, 17]","[1, 19, 10, 11, 12, 15, 16, 17]","[1, 0, 1]","[-1, 3, 4]",0.08007101994007826,1.0,False,0.6666666666666666,0.5238095238095238,0
1,0,"[12, 19, 10, 11, 12, 15, 16, 17]","[2, 19, 10, 11, 12, 15, 16, 17]","[1, 0, 1]","[1, 3, 0]",0.2631521373987198,1.0,False,1.0,0.30560336584432973,0
2,0,"[12, 19, 10, 11, 12, 15, 16, 17]","[16, 19, 10, 11, 12, 15, 16, 17]","[1, 0, 1]","[1, 1, 4]",0.26781347145636875,1.0,False,1.0,0.30442914515203673,0
3,2,"[2, 1, 10, 11, 12, 15, 16, 17]","[8, 1, 10, 11, 12, 15, 16, 17]","[2, 3, 2]","[-1, -1, 2]",0.44283759593963623,1.0,False,0.3333333333333333,0.7931034482758621,0
4,2,"[2, 1, 10, 11, 12, 15, 16, 17]","[14, 1, 10, 11, 12, 15, 16, 17]","[2, 3, 2]","[0, 0, 1]",0.04940332596500715,1.0,False,1.0,0.08045977011494253,0
5,2,"[2, 1, 10, 11, 12, 15, 16, 17]","[24, 1, 10, 11, 12, 15, 16, 17]","[2, 3, 2]","[1, 1, 1]",0.09915875022610028,1.0,False,1.0,0.062368202203807656,0
6,3,"[18, 13, 10, 11, 12, 15, 16, 17]","[17, 13, 10, 11, 12, 15, 16, 17]","[0, 3, 3]","[3, 2, 4]",0.07280625589191914,0.7,False,1.0,0.014080814208202744,0
7,13,"[16, 16, 10, 11, 12, 15, 16, 17]","[14, 16, 10, 11, 12, 15, 16, 17]","[3, 2, 2]","[3, 3, 0]",0.20409681710104147,1.0,False,1.0,0.289021164021164,0
8,13,"[16, 16, 10, 11, 12, 15, 16, 17]","[23, 16, 10, 11, 12, 15, 16, 17]","[3, 2, 2]","[0, 4, 2]",0.08796629526962836,1.0,False,1.0,0.3703703703703703,0
9,13,"[16, 16, 10, 11, 12, 15, 16, 17]","[19, 16, 10, 11, 12, 15, 16, 17]","[3, 2, 2]","[-1, 3, 0]",0.2997920475900173,1.0,False,0.6666666666666666,0.4264520202020202,0
10,13,"[16, 16, 10, 11, 12, 15, 16, 17]","[21, 16, 10, 11, 12, 15, 16, 17]","[3, 2, 2]","[1, 2, 2]",0.22039502362410227,1.0,False,1.0,0.05077413479052823,0
11,14,"[19, 22, 10, 11, 12, 15, 16, 17]","[3, 22, 10, 11, 12, 15, 16, 17]","[1, 1, 1]","[-1, 3, 2]",0.14526565745472908,1.0,False,0.6666666666666666,0.047619047619047616,0
12,16,"[10, 10, 10, 11, 12, 15, 16, 17]","[6, 10, 10, 11, 12, 15, 16, 17]","[1, 1, 2]","[3, 1, -1]",0.27832357212901115,1.0,False,0.6666666666666666,0.38888888888888884,0
13,16,"[10, 10, 10, 11, 12, 15, 16, 17]","[0, 10, 10, 11, 12, 15, 16, 17]","[1, 1, 2]","[1, 2, 3]",0.22004098196824393,1.0,False,1.0,0.28225130380659547,0
14,16,"[10, 10, 10, 11, 12, 15, 16, 17]","[5, 10, 10, 11, 12, 15, 16, 17]","[1, 1, 2]","[1, 4, 2]",0.22097185626626015,1.0,False,1.0,0.2745144295038138,0
15,16,"[10, 10, 10, 11, 12, 15, 16, 17]","[1, 10, 10, 11, 12, 15, 16, 17]","[1, 1, 2]","[2, 0, 4]",0.10753889878590901,1.0,False,1.0,0.3703703703703704,0
16,16,"[10, 10, 10, 11, 12, 15, 16, 17]","[7, 10, 10, 11, 12, 15, 16, 17]","[1, 1, 2]","[-1, 1, 0]",0.2637600339949131,1.0,False,0.6666666666666666,0.4054022175041283,0
17,17,"[19, 19, 10, 11, 12, 15, 16, 17]","[14, 19, 10, 11, 12, 15, 16, 17]","[1, 1, 0]","[-1, 0, 1]",0.47339387983083725,1.0,False,0.6666666666666666,0.4720695970695971,0
18,17,"[19, 19, 10, 11, 12, 15, 16, 17]","[1, 19, 10, 11, 12, 15, 16, 17]","[1, 1, 0]","[2, 2, 3]",0.06395218273003896,1.0,False,1.0,0.03649469673566059,0
19,17,"[19, 19, 10, 11, 12, 15, 16, 17]","[9, 19, 10, 11, 12, 15, 16, 17]","[1, 1, 0]","[0, 4, -1]",0.05376752000302076,1.0,False,0.6666666666666666,0.5256410256410257,0
20,17,"[19, 19, 10, 11, 12, 15, 16, 17]","[13, 19, 10, 11, 12, 15, 16, 17]","[1, 1, 0]","[1, 2, 2]",0.31532635415593785,0.8,False,1.0,0.30199181160719624,0
21,17,"[19, 19, 10, 11, 12, 15, 16, 17]","[2, 19, 10, 11, 12, 15, 16, 17]","[1, 1, 0]","[3, 4, 2]",0.0565273929387331,1.0,False,1.0,0.3703703703703704,0
22,24,"[2, 0, 10, 11, 12, 15, 16, 17]","[19, 0, 10, 11, 12, 15, 16, 17]","[3, 3, 2]","[0, 4, 1]",0.03638876726229986,1.0,False,1.0,0.03263646922183507,0
23,24,"[2, 0, 10, 11, 12, 15, 16, 17]","[23, 0, 10, 11, 12, 15, 16, 17]","[3, 3, 2]","[1, 4, 1]",0.04574854299426079,1.0,False,1.0,0.029706066291432145,0
24,24,"[2, 0, 10, 11, 12, 15, 16, 17]","[13, 0, 10, 11, 12, 15, 16, 17]","[3, 3, 2]","[-1, 2, 0]",0.12447807937860489,1.0,False,0.6666666666666666,0.03954175905395418,0
25,29,"[11, 20, 10, 11, 12, 15, 16, 17]","[2, 20, 10, 11, 12, 15, 16, 17]","[1, 1, 1]","[3, 4, 3]",0.12325045093894005,1.0,False,1.0,0.047619047619047616,0
26,29,"[11, 20, 10, 11, 12, 15, 16, 17]","[7, 20, 10, 11, 12, 15, 16, 17]","[1, 1, 1]","[-1, 3, 1]",0.2979961633682251,1.0,False,0.6666666666666666,0.4285714285714286,0
27,29,"[11, 20, 10, 11, 12, 15, 16, 17]","[1, 20, 10, 11, 12, 15, 16, 17]","[1, 1, 1]","[-1, 3, 2]",0.16257426142692566,1.0,False,0.6666666666666666,0.5238095238095238,0
28,29,"[11, 20, 10, 11, 12, 15, 16, 17]","[4, 20, 10, 11, 12, 15, 16, 17]","[1, 1, 1]","[3, 0, 0]",0.18460404872894287,1.0,False,1.0,0.04456654456654457,0
29,30,"[17, 1, 10, 11, 12, 15, 16, 17]","[15, 1, 10, 11, 12, 15, 16, 17]","[3, 3, 3]","[3, 2, 1]",0.25500687087575596,1.0,False,1.0,0.05691056910569106,0
30,30,"[17, 1, 10, 11, 12, 15, 16, 17]","[17, 1, 10, 11, 12, 15, 16, 17]","[3, 3, 3]","[1, 3, 1]",0.21168206632137299,1.0,False,1.0,0.35992089650626236,0
31,30,"[17, 1, 10, 11, 12, 15, 16, 17]","[16, 1, 10, 11, 12, 15, 16, 17]","[3, 3, 3]","[1, 1, -1]",0.024346867576241493,1.0,False,0.6666666666666666,0.5126582278481012,0
32,30,"[17, 1, 10, 11, 12, 15, 16, 17]","[12, 1, 10, 11, 12, 15, 16, 17]","[3, 3, 3]","[2, 3, 3]",0.471301128466924,0.6,False,1.0,0.06612123083256148,0
33,30,"[17, 1, 10, 11, 12, 15, 16, 17]","[13, 1, 10, 11, 12, 15, 16, 17]","[3, 3, 3]","[0, 2, 3]",0.2946939120690028,0.9,False,1.0,0.03702008211701497,0
34,39,"[4, 9, 10, 11, 12, 15, 16, 17]","[11, 9, 10, 11, 12, 15, 16, 17]","[0, 0, 0]","[-1, 1, 1]",0.14682254940271378,1.0,False,0.6666666666666666,0.03448971359419121,0
35,39,"[4, 9, 10, 11, 12, 15, 16, 17]","[10, 9, 10, 11, 12, 15, 16, 17]","[0, 0, 0]","[1, 1, 3]",0.2470017522573471,0.1,False,1.0,0.03225240165538673,0
36,40,"[15, 19, 10, 11, 12, 15, 16, 17]","[13, 19, 10, 11, 12, 15, 16, 17]","[1, 1, 1]","[0, 3, 3]",0.1356952724357446,0.7,False,1.0,0.01954804515918249,0
37,43,"[9, 2, 10, 11, 12, 15, 16, 17]","[24, 2, 10, 11, 12, 15, 16, 17]","[3, 3, 3]","[0, 0, 4]",0.03150672589739164,1.0,False,1.0,0.375,0
38,43,"[9, 2, 10, 11, 12, 15, 16, 17]","[19, 2, 10, 11, 12, 15, 16, 17]","[3, 3, 3]","[0, 0, 3]",0.25858096530040103,1.0,False,1.0,0.2916666666666667,0
39,43,"[9, 2, 10, 11, 12, 15, 16, 17]","[23, 2, 10, 11, 12, 15, 16, 17]","[3, 3, 3]","[2, 1, 1]",0.143758458395799,1.0,False,1.0,0.3548387096774193,0
40,47,"[8, 3, 10, 11, 12, 15, 16, 17]","[6, 3, 10, 11, 12, 15, 16, 17]","[3, 3, 3]","[2, -1, -1]",0.1210695132613182,1.0,False,0.3333333333333333,0.01818181818181818,0
41,47,"[8, 3, 10, 11, 12, 15, 16, 17]","[16, 3, 10, 11, 12, 15, 16, 17]","[3, 3, 3]","[3, 4, 2]",0.25539451899627846,0.4,False,1.0,0.0699594818238886,0
42,47,"[8, 3, 10, 11, 12, 15, 16, 17]","[22, 3, 10, 11, 12, 15, 16, 17]","[3, 3, 3]","[4, 3, 2]",0.2859982450803121,0.2,False,1.0,0.36051822573561704,0
43,53,"[23, 20, 10, 11, 12, 15, 16, 17]","[1, 20, 10, 11, 12, 15, 16, 17]","[1, 1, 1]","[2, 2, 3]",0.13578925281763077,1.0,False,1.0,0.03198839327318168,0
44,53,"[23, 20, 10, 11, 12, 15, 16, 17]","[9, 20, 10, 11, 12, 15, 16, 17]","[1, 1, 1]","[0, 0, 4]",0.038258672381440796,1.0,False,1.0,0.04499494438827098,0
45,53,"[23, 20, 10, 11, 12, 15, 16, 17]","[6, 20, 10, 11, 12, 15, 16, 17]","[1, 1, 1]","[2, 4, 2]",0.10641628379623096,1.0,False,1.0,0.03217054263565891,0
46,53,"[23, 20, 10, 11, 12, 15, 16, 17]","[4, 20, 10, 11, 12, 15, 16, 17]","[1, 1, 1]","[-1, 0, 3]",0.06366308219730854,1.0,False,0.6666666666666666,0.04575328614762386,0
47,56,"[22, 22, 10, 11, 12, 15, 16, 17]","[15, 22, 10, 11, 12, 15, 16, 17]","[1, 1, 0]","[2, 1, -1]",0.3588635176420212,0.5,False,0.6666666666666666,0.06976744186046512,0
48,56,"[22, 22, 10, 11, 12, 15, 16, 17]","[6, 22, 10, 11, 12, 15, 16, 17]","[1, 1, 0]","[0, 3, 0]",0.11239642649888992,1.0,False,1.0,0.010803281139121435,0
49,56,"[22, 22, 10, 11, 12, 15, 16, 17]","[10, 22, 10, 11, 12, 15, 16, 17]","[1, 1, 0]","[0, 3, 0]",0.10044623042146365,1.0,False,1.0,0.025457813728794517,0
50,56,"[22, 22, 10, 11, 12, 15, 16, 17]","[18, 22, 10, 11, 12, 15, 16, 17]","[1, 1, 0]","[0, 3, 0]",0.09778802841901779,1.0,False,1.0,0.34782207456626063,0
51,56,"[22, 22, 10, 11, 12, 15, 16, 17]","[17, 22, 10, 11, 12, 15, 16, 17]","[1, 1, 0]","[2, 0, 0]",0.14690375328063965,0.8,False,1.0,0.015652137077985344,0
52,58,"[24, 14, 10, 11, 12, 15, 16, 17]","[17, 14, 10, 11, 12, 15, 16, 17]","[0, 0, 0]","[4, 3, 1]",0.12495334694782893,0.3,False,1.0,0.029710144927536233,0
53,59,"[11, 22, 10, 11, 12, 15, 16, 17]","[7, 22, 10, 11, 12, 15, 16, 17]","[1, 1, 1]","[2, 0, 0]",0.187530517578125,1.0,False,1.0,0.3523151195962256,0
54,59,"[11, 22, 10, 11, 12, 15, 16, 17]","[0, 22, 10, 11, 12, 15, 16, 17]","[1, 1, 1]","[2, 2, 3]",0.21061194315552711,1.0,False,1.0,0.035110818520956766,0
55,59,"[11, 22, 10, 11, 12, 15, 16, 17]","[8, 22, 10, 11, 12, 15, 16, 17]","[1, 1, 1]","[0, 0, -1]",0.09616344794631004,1.0,False,0.6666666666666666,0.5189873417721519,0
56,59,"[11, 22, 10, 11, 12, 15, 16, 17]","[9, 22, 10, 11, 12, 15, 16, 17]","[1, 1, 1]","[0, 0, 0]",0.07212227334578832,1.0,False,1.0,0.3866419676854996,0
57,61,"[7, 6, 10, 11, 12, 15, 16, 17]","[16, 6, 10, 11, 12, 15, 16, 17]","[3, 3, 3]","[2, 4, 2]",0.011691484910746416,0.3,False,1.0,0.02016390782213567,0
58,61,"[7, 6, 10, 11, 12, 15, 16, 17]","[14, 6, 10, 11, 12, 15, 16, 17]","[3, 3, 3]","[-1, 0, 0]",0.0746785569936037,0.9,False,0.6666666666666666,0.030233941316415543,0
59,61,"[7, 6, 10, 11, 12, 15, 16, 17]","[8, 6, 10, 11, 12, 15, 16, 17]","[3, 3, 3]","[-1, 0, 0]",0.05929315276443958,0.9,False,0.6666666666666666,0.5231481481481481,0
60,61,"[7, 6, 10, 11, 12, 15, 16, 17]","[21, 6, 10, 11, 12, 15, 16, 17]","[3, 3, 3]","[2, 2, 1]",0.06036175802970926,0.8,False,1.0,0.0177107628903331,0
61,61,"[7, 6, 10, 11, 12, 15, 16, 17]","[18, 6, 10, 11, 12, 15, 16, 17]","[3, 3, 3]","[-1, 4, 0]",0.04324436653405428,1.0,False,0.6666666666666666,0.5140845070422535,0
62,61,"[7, 6, 10, 11, 12, 15, 16, 17]","[22, 6, 10, 11, 12, 15, 16, 17]","[3, 3, 3]","[-1, 2, 0]",0.05266663618385792,1.0,False,0.6666666666666666,0.01184994582881907,0
63,62,"[16, 23, 10, 11, 12, 15, 16, 17]","[1, 23, 10, 11, 12, 15, 16, 17]","[1, 1, 1]","[3, -1, -1]",0.18606287240982056,1.0,False,0.3333333333333333,0.05263157894736842,0
64,62,"[16, 23, 10, 11, 12, 15, 16, 17]","[0, 23, 10, 11, 12, 15, 16, 17]","[1, 1, 1]","[4, 2, 2]",0.07887523372968037,1.0,False,1.0,0.6785714285714285,0
65,66,"[16, 13, 10, 11, 12, 15, 16, 17]","[15, 13, 10, 11, 12, 15, 16, 17]","[0, 3, 3]","[3, 4, 2]",0.13540403731167316,0.6,False,1.0,0.3588679245283019,0
66,66,"[16, 13, 10, 11, 12, 15, 16, 17]","[17, 13, 10, 11, 12, 15, 16, 17]","[0, 3, 3]","[-1, 3, 0]",0.27084311842918396,0.7,False,0.6666666666666666,0.025873015873015874,0
67,67,"[17, 12, 10, 11, 12, 15, 16, 17]","[17, 12, 10, 11, 12, 15, 16, 17]","[0, 0, 3]","[0, 3, 3]",0.4681386748949687,0.1,False,1.0,0.29556878306878304,0
68,67,"[17, 12, 10, 11, 12, 15, 16, 17]","[23, 12, 10, 11, 12, 15, 16, 17]","[0, 0, 3]","[0, 0, 0]",0.4151729941368103,1.0,False,1.0,0.5459150326797385,0
69,71,"[0, 0, 10, 11, 12, 15, 16, 17]","[11, 0, 10, 11, 12, 15, 16, 17]","[2, 3, 2]","[1, 2, 4]",0.04449143881599108,1.0,False,1.0,0.02593708165997323,0
70,71,"[0, 0, 10, 11, 12, 15, 16, 17]","[17, 0, 10, 11, 12, 15, 16, 17]","[2, 3, 2]","[1, 4, 1]",0.03750502442320188,1.0,False,1.0,0.03225021297310454,0
71,71,"[0, 0, 10, 11, 12, 15, 16, 17]","[9, 0, 10, 11, 12, 15, 16, 17]","[2, 3, 2]","[0, 0, -1]",0.03199340868741274,1.0,False,0.6666666666666666,0.06951242469879518,0
72,75,"[10, 4, 10, 11, 12, 15, 16, 17]","[22, 4, 10, 11, 12, 15, 16, 17]","[3, 3, 0]","[1, 0, 1]",0.11449562013149261,1.0,False,1.0,0.6774193548387096,0
73,75,"[10, 4, 10, 11, 12, 15, 16, 17]","[15, 4, 10, 11, 12, 15, 16, 17]","[3, 3, 0]","[3, 2, 0]",0.30244095871845883,1.0,False,1.0,0.3204212793756731,0
74,75,"[10, 4, 10, 11, 12, 15, 16, 17]","[17, 4, 10, 11, 12, 15, 16, 17]","[3, 3, 0]","[3, 0, -1]",0.3200243376195431,0.6,False,0.6666666666666666,0.47488479262672806,0
75,75,"[10, 4, 10, 11, 12, 15, 16, 17]","[10, 4, 10, 11, 12, 15, 16, 17]","[3, 3, 0]","[3, 0, 2]",0.23130124683181444,1.0,False,1.0,0.323462713984829,0
76,75,"[10, 4, 10, 11, 12, 15, 16, 17]","[23, 4, 10, 11, 12, 15, 16, 17]","[3, 3, 0]","[0, 0, -1]",0.12179720774292946,1.0,False,0.6666666666666666,0.537037037037037,0
77,75,"[10, 4, 10, 11, 12, 15, 16, 17]","[24, 4, 10, 11, 12, 15, 16, 17]","[3, 3, 0]","[0, 0, 0]",0.09743073085943858,1.0,False,1.0,0.691358024691358,0
78,76,"[11, 8, 10, 11, 12, 15, 16, 17]","[20, 8, 10, 11, 12, 15, 16, 17]","[3, 3, 3]","[-1, 4, 1]",0.0730792935937643,1.0,False,0.6666666666666666,0.06521739130434782,0
79,76,"[11, 8, 10, 11, 12, 15, 16, 17]","[16, 8, 10, 11, 12, 15, 16, 17]","[3, 3, 3]","[3, 4, 0]",0.24092835808793703,0.9,False,1.0,0.6025328457266693,0
80,76,"[11, 8, 10, 11, 12, 15, 16, 17]","[21, 8, 10, 11, 12, 15, 16, 17]","[3, 3, 3]","[3, 4, 0]",0.28464707856376964,0.9,False,1.0,0.5900717865366382,0
81,79,"[12, 4, 10, 11, 12, 15, 16, 17]","[17, 4, 10, 11, 12, 15, 16, 17]","[3, 3, 0]","[1, 3, 0]",0.2561102981368701,0.7,False,1.0,0.32734254992319506,0
82,79,"[12, 4, 10, 11, 12, 15, 16, 17]","[23, 4, 10, 11, 12, 15, 16, 17]","[3, 3, 0]","[0, 0, 1]",0.0967159445087115,1.0,False,1.0,0.37389770723104054,0
83,79,"[12, 4, 10, 11, 12, 15, 16, 17]","[21, 4, 10, 11, 12, 15, 16, 17]","[3, 3, 0]","[1, 4, 1]",0.09735976283748944,1.0,False,1.0,0.3548387096774193,0
84,87,"[13, 11, 10, 11, 12, 15, 16, 17]","[11, 11, 10, 11, 12, 15, 16, 17]","[1, 4, 2]","[2, 1, 0]",0.2684721151987712,0.4,False,1.0,0.19836279523030634,0
85,87,"[13, 11, 10, 11, 12, 15, 16, 17]","[1, 11, 10, 11, 12, 15, 16, 17]","[1, 4, 2]","[4, 3, -1]",0.015637243166565895,1.0,False,0.6666666666666666,0.03333333333333333,0
86,93,"[14, 14, 10, 11, 12, 15, 16, 17]","[10, 14, 10, 11, 12, 15, 16, 17]","[0, 0, 0]","[3, 1, 1]",0.27100596328576404,0.1,False,1.0,0.4245947850599014,0
87,93,"[14, 14, 10, 11, 12, 15, 16, 17]","[18, 14, 10, 11, 12, 15, 16, 17]","[0, 0, 0]","[0, 2, 0]",0.3283456576367219,0.4,False,1.0,0.21776002067493663,0
88,93,"[14, 14, 10, 11, 12, 15, 16, 17]","[15, 14, 10, 11, 12, 15, 16, 17]","[0, 0, 0]","[3, 1, 3]",0.2705905536810557,0.2,False,1.0,0.8181818181818182,0
89,93,"[14, 14, 10, 11, 12, 15, 16, 17]","[2, 14, 10, 11, 12, 15, 16, 17]","[0, 0, 0]","[4, 3, 0]",0.1318239358564218,0.5,False,1.0,0.6813186813186812,0
90,93,"[14, 14, 10, 11, 12, 15, 16, 17]","[1, 14, 10, 11, 12, 15, 16, 17]","[0, 0, 0]","[0, 4, 3]",0.270498330394427,0.6,False,1.0,0.06406665230194643,0
91,93,"[14, 14, 10, 11, 12, 15, 16, 17]","[17, 14, 10, 11, 12, 15, 16, 17]","[0, 0, 0]","[-1, 0, 1]",0.32793721184134483,0.6,False,0.6666666666666666,0.3239295718287315,0
92,93,"[14, 14, 10, 11, 12, 15, 16, 17]","[0, 14, 10, 11, 12, 15, 16, 17]","[0, 0, 0]","[2, 2, 3]",0.1438389097650846,0.3,False,1.0,0.6732026143790849,0
93,98,"[15, 21, 10, 11, 12, 15, 16, 17]","[0, 21, 10, 11, 12, 15, 16, 17]","[1, 1, 1]","[-1, -1, 3]",0.13970674574375153,1.0,False,0.3333333333333333,1.0,0
94,98,"[15, 21, 10, 11, 12, 15, 16, 17]","[6, 21, 10, 11, 12, 15, 16, 17]","[1, 1, 1]","[0, 1, -1]",0.3928038328886032,1.0,False,0.6666666666666666,0.8823529411764706,0
95,98,"[15, 21, 10, 11, 12, 15, 16, 17]","[2, 21, 10, 11, 12, 15, 16, 17]","[1, 1, 1]","[0, 3, 0]",0.2335788458585739,1.0,False,1.0,0.37254901960784315,0
96,106,"[16, 15, 10, 11, 12, 15, 16, 17]","[1, 15, 10, 11, 12, 15, 16, 17]","[1, 1, 2]","[-1, 3, 0]",0.2164735347032547,1.0,False,0.6666666666666666,0.051481213872832374,0
97,106,"[16, 15, 10, 11, 12, 15, 16, 17]","[7, 15, 10, 11, 12, 15, 16, 17]","[1, 1, 2]","[2, 0, 0]",0.17269002397855124,1.0,False,1.0,0.046404840365188264,0
98,106,"[16, 15, 10, 11, 12, 15, 16, 17]","[2, 15, 10, 11, 12, 15, 16, 17]","[1, 1, 2]","[0, 3, 0]",0.10914165526628494,1.0,False,1.0,0.35854356868888765,0
99,106,"[16, 15, 10, 11, 12, 15, 16, 17]","[8, 15, 10, 11, 12, 15, 16, 17]","[1, 1, 2]","[0, 0, 0]",0.15927088260650635,1.0,False,1.0,0.047140059916957855,0
100,113,"[17, 24, 10, 11, 12, 15, 16, 17]","[13, 24, 10, 11, 12, 15, 16, 17]","[0, 1, 1]","[3, 2, 0]",0.06974277769525845,0.6,False,1.0,0.34914880761985995,0
101,113,"[17, 24, 10, 11, 12, 15, 16, 17]","[11, 24, 10, 11, 12, 15, 16, 17]","[0, 1, 1]","[3, 2, 0]",0.16876161471009254,0.6,False,1.0,0.1924638172209101,0
102,113,"[17, 24, 10, 11, 12, 15, 16, 17]","[19, 24, 10, 11, 12, 15, 16, 17]","[0, 1, 1]","[3, 2, 0]",0.1980935881535212,0.6,False,1.0,0.025517846788222404,0
103,113,"[17, 24, 10, 11, 12, 15, 16, 17]","[7, 24, 10, 11, 12, 15, 16, 17]","[0, 1, 1]","[3, 3, 3]",0.07214226511617501,1.0,False,1.0,0.014541674340160321,0
104,113,"[17, 24, 10, 11, 12, 15, 16, 17]","[5, 24, 10, 11, 12, 15, 16, 17]","[0, 1, 1]","[4, 3, 3]",0.11447744816541672,0.7,False,1.0,0.34010327022375214,0
105,113,"[17, 24, 10, 11, 12, 15, 16, 17]","[18, 24, 10, 11, 12, 15, 16, 17]","[0, 1, 1]","[1, 4, 0]",0.20812619229157767,0.4,False,1.0,0.013485761226725082,0
106,113,"[17, 24, 10, 11, 12, 15, 16, 17]","[12, 24, 10, 11, 12, 15, 16, 17]","[0, 1, 1]","[1, 4, 0]",0.20063394804795584,0.4,False,1.0,0.014552834995897568,0
107,113,"[17, 24, 10, 11, 12, 15, 16, 17]","[6, 24, 10, 11, 12, 15, 16, 17]","[0, 1, 1]","[4, 2, 3]",0.1498920942346255,0.5,False,1.0,0.3543420995811202,0
108,116,"[18, 16, 10, 11, 12, 15, 16, 17]","[4, 16, 10, 11, 12, 15, 16, 17]","[1, 1, 1]","[0, -1, -1]",0.053484831005334854,1.0,False,0.3333333333333333,0.0625,0
109,118,"[9, 10, 10, 11, 12, 15, 16, 17]","[14, 10, 10, 11, 12, 15, 16, 17]","[3, 2, 0]","[0, 0, -1]",0.20320667326450348,1.0,False,0.6666666666666666,0.0425531914893617,0
110,118,"[9, 10, 10, 11, 12, 15, 16, 17]","[13, 10, 10, 11, 12, 15, 16, 17]","[3, 2, 0]","[0, 0, 2]",0.20746629933516184,1.0,False,1.0,0.04018912529550828,0
111,118,"[9, 10, 10, 11, 12, 15, 16, 17]","[24, 10, 10, 11, 12, 15, 16, 17]","[3, 2, 0]","[0, 1, 1]",0.1674699770907561,1.0,False,1.0,0.051334008780817286,0
112,119,"[20, 15, 10, 11, 12, 15, 16, 17]","[11, 15, 10, 11, 12, 15, 16, 17]","[2, 2, 4]","[1, 3, -1]",0.06139461323618889,1.0,False,0.6666666666666666,0.010173484686228314,0
113,119,"[20, 15, 10, 11, 12, 15, 16, 17]","[13, 15, 10, 11, 12, 15, 16, 17]","[2, 2, 4]","[1, 3, -1]",0.09105203673243523,1.0,False,0.6666666666666666,0.003979979497075318,0
114,120,"[16, 1, 10, 11, 12, 15, 16, 17]","[22, 1, 10, 11, 12, 15, 16, 17]","[3, 3, 3]","[0, 0, 2]",0.09273463735977809,1.0,False,1.0,0.04576168929110106,0
115,120,"[16, 1, 10, 11, 12, 15, 16, 17]","[21, 1, 10, 11, 12, 15, 16, 17]","[3, 3, 3]","[1, 1, 1]",0.15103766322135925,1.0,False,1.0,0.038461538461538464,0
116,120,"[16, 1, 10, 11, 12, 15, 16, 17]","[20, 1, 10, 11, 12, 15, 16, 17]","[3, 3, 3]","[2, 1, -1]",0.19879866763949394,1.0,False,0.6666666666666666,0.5192307692307693,0
117,120,"[16, 1, 10, 11, 12, 15, 16, 17]","[24, 1, 10, 11, 12, 15, 16, 17]","[3, 3, 3]","[0, 0, 0]",0.06616990516583125,1.0,False,1.0,0.35948717948717945,0
118,124,"[22, 12, 10, 11, 12, 15, 16, 17]","[23, 12, 10, 11, 12, 15, 16, 17]","[3, 0, 0]","[-1, 0, 1]",0.06473741680383682,0.9,False,0.6666666666666666,0.023973582566401218,0
119,124,"[22, 12, 10, 11, 12, 15, 16, 17]","[22, 12, 10, 11, 12, 15, 16, 17]","[3, 0, 0]","[-1, 0, 1]",0.10868397355079651,0.9,False,0.6666666666666666,0.017900770531854914,0
120,124,"[22, 12, 10, 11, 12, 15, 16, 17]","[14, 12, 10, 11, 12, 15, 16, 17]","[3, 0, 0]","[2, 2, 0]",0.09815656145413716,0.5,False,1.0,0.01403691472264682,0
121,124,"[22, 12, 10, 11, 12, 15, 16, 17]","[19, 12, 10, 11, 12, 15, 16, 17]","[3, 0, 0]","[4, 4, 0]",0.030555133397380512,0.8,False,1.0,0.0316230349848203,0
122,124,"[22, 12, 10, 11, 12, 15, 16, 17]","[2, 12, 10, 11, 12, 15, 16, 17]","[3, 0, 0]","[4, 3, 3]",0.0382440627242128,0.6,False,1.0,0.3550067447126271,0
123,129,"[13, 7, 10, 11, 12, 15, 16, 17]","[22, 7, 10, 11, 12, 15, 16, 17]","[3, 3, 3]","[4, 4, -1]",0.01928507536649704,1.0,False,0.6666666666666666,1.0,0
124,129,"[13, 7, 10, 11, 12, 15, 16, 17]","[23, 7, 10, 11, 12, 15, 16, 17]","[3, 3, 3]","[-1, 0, 4]",0.05731963412836194,1.0,False,0.6666666666666666,0.5178571428571429,0
125,129,"[13, 7, 10, 11, 12, 15, 16, 17]","[19, 7, 10, 11, 12, 15, 16, 17]","[3, 3, 3]","[3, 4, 0]",0.26297833894689876,1.0,False,1.0,0.3098394513288131,0
126,129,"[13, 7, 10, 11, 12, 15, 16, 17]","[17, 7, 10, 11, 12, 15, 16, 17]","[3, 3, 3]","[3, 4, 0]",0.2608354700108369,1.0,False,1.0,0.3122710622710623,0
127,129,"[13, 7, 10, 11, 12, 15, 16, 17]","[20, 7, 10, 11, 12, 15, 16, 17]","[3, 3, 3]","[1, 2, 2]",0.08521013086040814,1.0,False,1.0,0.3591269841269842,0
128,137,"[17, 15, 10, 11, 12, 15, 16, 17]","[14, 15, 10, 11, 12, 15, 16, 17]","[2, 1, 2]","[-1, 0, 4]",0.10929934494197369,1.0,False,0.6666666666666666,0.05128205128205128,0
129,137,"[17, 15, 10, 11, 12, 15, 16, 17]","[19, 15, 10, 11, 12, 15, 16, 17]","[2, 1, 2]","[1, 0, 0]",0.18928398688634238,1.0,False,1.0,0.03798670465337132,0
130,137,"[17, 15, 10, 11, 12, 15, 16, 17]","[24, 15, 10, 11, 12, 15, 16, 17]","[2, 1, 2]","[-1, 1, 1]",0.22708607465028763,1.0,False,0.6666666666666666,0.04772079772079772,0
131,137,"[17, 15, 10, 11, 12, 15, 16, 17]","[9, 15, 10, 11, 12, 15, 16, 17]","[2, 1, 2]","[3, 0, 0]",0.122102955977122,1.0,False,1.0,0.04188034188034188,0
132,138,"[9, 7, 10, 11, 12, 15, 16, 17]","[24, 7, 10, 11, 12, 15, 16, 17]","[3, 3, 3]","[3, 0, 1]",0.28597038984298706,1.0,False,1.0,0.28866832092638545,0
133,138,"[9, 7, 10, 11, 12, 15, 16, 17]","[23, 7, 10, 11, 12, 15, 16, 17]","[3, 3, 3]","[2, 3, 1]",0.2782715472082297,1.0,False,1.0,0.3397241056815525,0
134,138,"[9, 7, 10, 11, 12, 15, 16, 17]","[22, 7, 10, 11, 12, 15, 16, 17]","[3, 3, 3]","[2, 2, 4]",0.06394227469960849,1.0,False,1.0,0.3907203907203907,0
135,139,"[9, 4, 10, 11, 12, 15, 16, 17]","[24, 4, 10, 11, 12, 15, 16, 17]","[3, 3, 3]","[3, 1, -1]",0.4533834531903267,1.0,False,0.6666666666666666,0.35131578947368425,0
136,139,"[9, 4, 10, 11, 12, 15, 16, 17]","[23, 4, 10, 11, 12, 15, 16, 17]","[3, 3, 3]","[3, 2, 1]",0.3458668241898219,1.0,False,1.0,0.23602060707323866,0
137,139,"[9, 4, 10, 11, 12, 15, 16, 17]","[22, 4, 10, 11, 12, 15, 16, 17]","[3, 3, 3]","[4, 2, 2]",0.08056676636139552,1.0,False,1.0,0.6833333333333332,0
138,139,"[9, 4, 10, 11, 12, 15, 16, 17]","[18, 4, 10, 11, 12, 15, 16, 17]","[3, 3, 3]","[2, 3, 4]",0.3258775270854433,1.0,False,1.0,0.31296296296296294,0
139,139,"[9, 4, 10, 11, 12, 15, 16, 17]","[21, 4, 10, 11, 12, 15, 16, 17]","[3, 3, 3]","[2, 2, 2]",0.10765569657087326,1.0,False,1.0,0.3746913580246914,0
140,140,"[11, 15, 10, 11, 12, 15, 16, 17]","[16, 15, 10, 11, 12, 15, 16, 17]","[2, 2, 2]","[0, 1, -1]",0.11560053750872612,1.0,False,0.6666666666666666,0.003979979497075318,0
141,143,"[10, 23, 10, 11, 12, 15, 16, 17]","[14, 23, 10, 11, 12, 15, 16, 17]","[1, 1, 1]","[0, 0, 0]",0.07605950285991032,0.9,False,1.0,0.034277194870415216,0
142,143,"[10, 23, 10, 11, 12, 15, 16, 17]","[13, 23, 10, 11, 12, 15, 16, 17]","[1, 1, 1]","[0, 4, 0]",0.0904275303085645,0.8,False,1.0,0.03282216841538876,0
143,143,"[10, 23, 10, 11, 12, 15, 16, 17]","[15, 23, 10, 11, 12, 15, 16, 17]","[1, 1, 1]","[2, 1, 2]",0.260966993868351,0.7,False,1.0,0.18958047461715558,0
144,143,"[10, 23, 10, 11, 12, 15, 16, 17]","[10, 23, 10, 11, 12, 15, 16, 17]","[1, 1, 1]","[1, 0, 1]",0.4796185990174611,0.5,False,1.0,0.057824002739256974,0
145,143,"[10, 23, 10, 11, 12, 15, 16, 17]","[2, 23, 10, 11, 12, 15, 16, 17]","[1, 1, 1]","[3, 0, 3]",0.08759377400080363,1.0,False,1.0,0.027391007055461963,0
146,144,"[12, 2, 10, 11, 12, 15, 16, 17]","[20, 2, 10, 11, 12, 15, 16, 17]","[3, 3, 3]","[2, 2, 1]",0.1625210295120875,1.0,False,1.0,0.3557312252964427,0
147,144,"[12, 2, 10, 11, 12, 15, 16, 17]","[21, 2, 10, 11, 12, 15, 16, 17]","[3, 3, 3]","[4, 0, 2]",0.10912597551941872,1.0,False,1.0,0.3695652173913044,0
148,144,"[12, 2, 10, 11, 12, 15, 16, 17]","[22, 2, 10, 11, 12, 15, 16, 17]","[3, 3, 3]","[3, 3, 1]",0.36718988915284473,1.0,False,1.0,0.28551668406740865,0
149,144,"[12, 2, 10, 11, 12, 15, 16, 17]","[18, 2, 10, 11, 12, 15, 16, 17]","[3, 3, 3]","[0, 3, 4]",0.24561038985848427,1.0,False,1.0,0.29913350203205274,0
150,144,"[12, 2, 10, 11, 12, 15, 16, 17]","[23, 2, 10, 11, 12, 15, 16, 17]","[3, 3, 3]","[0, 1, 0]",0.10752262423435847,1.0,False,1.0,0.3723257418909593,0
151,144,"[12, 2, 10, 11, 12, 15, 16, 17]","[24, 2, 10, 11, 12, 15, 16, 17]","[3, 3, 3]","[0, 0, 0]",0.07646538565556209,1.0,False,1.0,0.37283777466105655,0
152,147,"[13, 5, 10, 11, 12, 15, 16, 17]","[21, 5, 10, 11, 12, 15, 16, 17]","[3, 3, 3]","[2, 1, 4]",0.11739944666624069,1.0,False,1.0,0.6754385964912281,0
153,147,"[13, 5, 10, 11, 12, 15, 16, 17]","[19, 5, 10, 11, 12, 15, 16, 17]","[3, 3, 3]","[3, 3, 0]",0.37454147016008693,1.0,False,1.0,0.3472953216374269,0
154,147,"[13, 5, 10, 11, 12, 15, 16, 17]","[20, 5, 10, 11, 12, 15, 16, 17]","[3, 3, 3]","[2, 2, 2]",0.07297829414407413,1.0,False,1.0,0.6842105263157894,0
155,155,"[20, 19, 10, 11, 12, 15, 16, 17]","[11, 19, 10, 11, 12, 15, 16, 17]","[2, 2, 2]","[3, 0, 0]",0.1350592076778412,0.4,False,1.0,0.020377172764813215,0
156,155,"[20, 19, 10, 11, 12, 15, 16, 17]","[16, 19, 10, 11, 12, 15, 16, 17]","[2, 2, 2]","[3, 0, 0]",0.12368252873420715,0.4,False,1.0,0.02785580524344569,0
157,155,"[20, 19, 10, 11, 12, 15, 16, 17]","[20, 19, 10, 11, 12, 15, 16, 17]","[2, 2, 2]","[-1, 2, 2]",0.44206273555755615,1.0,False,0.6666666666666666,0.8564294631710362,0
158,159,"[17, 6, 10, 11, 12, 15, 16, 17]","[23, 6, 10, 11, 12, 15, 16, 17]","[3, 3, 3]","[1, 0, 4]",0.12191764420519273,1.0,False,1.0,0.36231884057971014,0
159,159,"[17, 6, 10, 11, 12, 15, 16, 17]","[15, 6, 10, 11, 12, 15, 16, 17]","[3, 3, 3]","[3, 3, 1]",0.41283735632896423,1.0,False,1.0,0.30740730191733484,0
160,159,"[17, 6, 10, 11, 12, 15, 16, 17]","[19, 6, 10, 11, 12, 15, 16, 17]","[3, 3, 3]","[0, 3, 0]",0.2707642838358879,1.0,False,1.0,0.3565360681241301,0
161,159,"[17, 6, 10, 11, 12, 15, 16, 17]","[18, 6, 10, 11, 12, 15, 16, 17]","[3, 3, 3]","[3, 0, -1]",0.3218640275299549,1.0,False,0.6666666666666666,0.42712798530312307,0
162,159,"[17, 6, 10, 11, 12, 15, 16, 17]","[20, 6, 10, 11, 12, 15, 16, 17]","[3, 3, 3]","[2, 4, 2]",0.0443252424399058,1.0,False,1.0,0.3636363636363636,0
163,170,"[17, 3, 10, 11, 12, 15, 16, 17]","[20, 3, 10, 11, 12, 15, 16, 17]","[3, 3, 3]","[2, 4, 2]",0.10006057967742284,1.0,False,1.0,0.6833333333333332,0
164,170,"[17, 3, 10, 11, 12, 15, 16, 17]","[23, 3, 10, 11, 12, 15, 16, 17]","[3, 3, 3]","[0, 3, 1]",0.3335525244474411,1.0,False,1.0,0.6436100131752306,0
165,170,"[17, 3, 10, 11, 12, 15, 16, 17]","[24, 3, 10, 11, 12, 15, 16, 17]","[3, 3, 3]","[4, 0, 0]",0.04782605109115442,1.0,False,1.0,1.0,0
166,170,"[17, 3, 10, 11, 12, 15, 16, 17]","[21, 3, 10, 11, 12, 15, 16, 17]","[3, 3, 3]","[3, 2, 0]",0.3453338146209717,1.0,False,1.0,0.32514289490203846,0
167,172,"[23, 21, 10, 11, 12, 15, 16, 17]","[8, 21, 10, 11, 12, 15, 16, 17]","[1, 1, 2]","[3, 2, -1]",0.07310822419822216,1.0,False,0.6666666666666666,0.03931261770244821,0
168,174,"[15, 14, 10, 11, 12, 15, 16, 17]","[10, 14, 10, 11, 12, 15, 16, 17]","[0, 0, 1]","[2, 3, -1]",0.2335377037525177,0.3,False,0.6666666666666666,0.5122950819672131,0
169,174,"[15, 14, 10, 11, 12, 15, 16, 17]","[1, 14, 10, 11, 12, 15, 16, 17]","[0, 0, 1]","[3, 4, 3]",0.16694914177060127,0.3,False,1.0,0.35909645909645915,0
170,174,"[15, 14, 10, 11, 12, 15, 16, 17]","[18, 14, 10, 11, 12, 15, 16, 17]","[0, 0, 1]","[4, 4, 0]",0.14795402064919472,0.4,False,1.0,0.3489583333333333,0
171,175,"[21, 11, 10, 11, 12, 15, 16, 17]","[6, 11, 10, 11, 12, 15, 16, 17]","[3, 0, 0]","[0, 3, -1]",0.11776662990450859,0.9,False,0.6666666666666666,0.013296093588893287,0
172,175,"[21, 11, 10, 11, 12, 15, 16, 17]","[1, 11, 10, 11, 12, 15, 16, 17]","[3, 0, 0]","[4, 3, 3]",0.06458152520159881,0.6,False,1.0,0.024619676648959404,0
173,175,"[21, 11, 10, 11, 12, 15, 16, 17]","[23, 11, 10, 11, 12, 15, 16, 17]","[3, 0, 0]","[2, 1, 1]",0.1831500083208084,0.2,False,1.0,0.020138648097834725,0
174,175,"[21, 11, 10, 11, 12, 15, 16, 17]","[13, 11, 10, 11, 12, 15, 16, 17]","[3, 0, 0]","[4, 2, 0]",0.06341985116402309,0.8,False,1.0,0.010775655918339413,0
175,184,"[16, 1, 10, 11, 12, 15, 16, 17]","[21, 1, 10, 11, 12, 15, 16, 17]","[3, 3, 3]","[1, 4, -1]",0.09208275936543941,1.0,False,0.6666666666666666,0.038461538461538464,0
176,184,"[16, 1, 10, 11, 12, 15, 16, 17]","[24, 1, 10, 11, 12, 15, 16, 17]","[3, 3, 3]","[0, 0, 0]",0.06616990516583125,1.0,False,1.0,0.35948717948717945,0
177,186,"[17, 6, 10, 11, 12, 15, 16, 17]","[22, 6, 10, 11, 12, 15, 16, 17]","[3, 3, 3]","[2, 0, -1]",0.1276245191693306,1.0,False,0.6666666666666666,1.0,0
178,186,"[17, 6, 10, 11, 12, 15, 16, 17]","[16, 6, 10, 11, 12, 15, 16, 17]","[3, 3, 3]","[-1, 2, 3]",0.2776975780725479,1.0,False,0.6666666666666666,0.9090909090909092,0
179,186,"[17, 6, 10, 11, 12, 15, 16, 17]","[23, 6, 10, 11, 12, 15, 16, 17]","[3, 3, 3]","[0, 0, 2]",0.11078651994466782,1.0,False,1.0,0.3663446054750403,0
180,186,"[17, 6, 10, 11, 12, 15, 16, 17]","[24, 6, 10, 11, 12, 15, 16, 17]","[3, 3, 3]","[1, 0, 0]",0.1383679285645485,1.0,False,1.0,0.36231884057971014,0
181,186,"[17, 6, 10, 11, 12, 15, 16, 17]","[18, 6, 10, 11, 12, 15, 16, 17]","[3, 3, 3]","[4, 3, 0]",0.22173578354219595,1.0,False,1.0,0.29924474382527044,0
182,186,"[17, 6, 10, 11, 12, 15, 16, 17]","[20, 6, 10, 11, 12, 15, 16, 17]","[3, 3, 3]","[2, 2, 1]",0.07983451336622238,1.0,False,1.0,0.37575757575757573,0
183,189,"[8, 1, 10, 11, 12, 15, 16, 17]","[21, 1, 10, 11, 12, 15, 16, 17]","[3, 3, 3]","[-1, 2, 2]",0.20778357610106468,1.0,False,0.6666666666666666,0.04941176470588235,0
184,189,"[8, 1, 10, 11, 12, 15, 16, 17]","[20, 1, 10, 11, 12, 15, 16, 17]","[3, 3, 3]","[2, 2, 2]",0.2299619788924853,1.0,False,1.0,0.045761689291101054,0
185,191,"[23, 24, 10, 11, 12, 15, 16, 17]","[23, 24, 10, 11, 12, 15, 16, 17]","[1, 1, 1]","[2, 3, 0]",0.25682363969584304,0.1,False,1.0,0.6196165191740413,0
186,191,"[23, 24, 10, 11, 12, 15, 16, 17]","[21, 24, 10, 11, 12, 15, 16, 17]","[1, 1, 1]","[2, 1, 3]",0.17791427547732988,0.2,False,1.0,0.16624820721653386,0
187,191,"[23, 24, 10, 11, 12, 15, 16, 17]","[16, 24, 10, 11, 12, 15, 16, 17]","[1, 1, 1]","[3, 1, -1]",0.2815792039036751,0.6,False,0.6666666666666666,0.2463602626320297,0
188,192,"[23, 14, 10, 11, 12, 15, 16, 17]","[21, 14, 10, 11, 12, 15, 16, 17]","[0, 0, 0]","[0, 1, -1]",0.2987515330314636,1.0,False,0.6666666666666666,0.4390096618357488,0
189,192,"[23, 14, 10, 11, 12, 15, 16, 17]","[20, 14, 10, 11, 12, 15, 16, 17]","[0, 0, 0]","[2, 3, 1]",0.18224125603834787,0.9,False,1.0,0.3545840922890103,0
190,192,"[23, 14, 10, 11, 12, 15, 16, 17]","[15, 14, 10, 11, 12, 15, 16, 17]","[0, 0, 0]","[3, 2, -1]",0.32279692590236664,0.7,False,0.6666666666666666,0.29417122040072863,0
191,192,"[23, 14, 10, 11, 12, 15, 16, 17]","[11, 14, 10, 11, 12, 15, 16, 17]","[0, 0, 0]","[0, 3, 3]",0.3056192100048065,1.0,False,1.0,0.28929146537842193,0
192,193,"[21, 20, 10, 11, 12, 15, 16, 17]","[21, 20, 10, 11, 12, 15, 16, 17]","[1, 1, 1]","[1, 3, 1]",0.4376939684152603,0.2,False,1.0,0.7753551912568306,0
193,193,"[21, 20, 10, 11, 12, 15, 16, 17]","[0, 20, 10, 11, 12, 15, 16, 17]","[1, 1, 1]","[2, 3, -1]",0.18551480770111084,1.0,False,0.6666666666666666,0.05090595340811044,0
194,194,"[20, 21, 10, 11, 12, 15, 16, 17]","[20, 21, 10, 11, 12, 15, 16, 17]","[1, 1, 1]","[1, 4, 1]",0.40801746149857837,0.2,False,1.0,0.7644588920493024,0
195,196,"[18, 17, 10, 11, 12, 15, 16, 17]","[0, 17, 10, 11, 12, 15, 16, 17]","[1, 1, 1]","[2, 2, 2]",0.07074056441585223,1.0,False,1.0,0.6805555555555557,0
196,197,"[20, 19, 10, 11, 12, 15, 16, 17]","[6, 19, 10, 11, 12, 15, 16, 17]","[1, 1, 2]","[2, 4, 0]",0.18992461388309798,0.2,False,1.0,0.30641025641025643,0
197,197,"[20, 19, 10, 11, 12, 15, 16, 17]","[20, 19, 10, 11, 12, 15, 16, 17]","[1, 1, 2]","[4, 3, 2]",0.09745259458820026,0.6,False,1.0,0.35487891737891736,0
198,197,"[20, 19, 10, 11, 12, 15, 16, 17]","[5, 19, 10, 11, 12, 15, 16, 17]","[1, 1, 2]","[4, 3, 2]",0.07125526045759518,0.6,False,1.0,0.6706827309236948,0
199,201,"[4, 0, 10, 11, 12, 15, 16, 17]","[8, 0, 10, 11, 12, 15, 16, 17]","[3, 3, 3]","[-1, 1, 2]",0.22060822136700153,1.0,False,0.6666666666666666,0.040134100653991076,0
200,201,"[4, 0, 10, 11, 12, 15, 16, 17]","[4, 0, 10, 11, 12, 15, 16, 17]","[3, 3, 3]","[0, 4, 0]",0.1685505360364914,1.0,False,1.0,0.03986025091313324,0
201,201,"[4, 0, 10, 11, 12, 15, 16, 17]","[3, 0, 10, 11, 12, 15, 16, 17]","[3, 3, 3]","[4, 4, 2]",0.11191081007321675,1.0,False,1.0,0.041448308718437354,0
202,201,"[4, 0, 10, 11, 12, 15, 16, 17]","[19, 0, 10, 11, 12, 15, 16, 17]","[3, 3, 3]","[1, 1, 1]",0.04495552306373914,1.0,False,1.0,0.05056559091218452,0
203,206,"[13, 12, 10, 11, 12, 15, 16, 17]","[19, 12, 10, 11, 12, 15, 16, 17]","[3, 2, 3]","[3, 4, 0]",0.2642498891800642,1.0,False,1.0,0.34767441860465115,0
204,206,"[13, 12, 10, 11, 12, 15, 16, 17]","[14, 12, 10, 11, 12, 15, 16, 17]","[3, 2, 3]","[3, 3, -1]",0.4324624240398407,1.0,False,0.6666666666666666,0.4866279069767442,0
205,206,"[13, 12, 10, 11, 12, 15, 16, 17]","[23, 12, 10, 11, 12, 15, 16, 17]","[3, 2, 3]","[2, 4, 1]",0.10405849913756053,1.0,False,1.0,0.3636363636363636,0
206,206,"[13, 12, 10, 11, 12, 15, 16, 17]","[21, 12, 10, 11, 12, 15, 16, 17]","[3, 2, 3]","[2, 2, 2]",0.07029710027078788,1.0,False,1.0,0.6911764705882354,0
207,212,"[11, 13, 10, 11, 12, 15, 16, 17]","[11, 13, 10, 11, 12, 15, 16, 17]","[0, 0, 0]","[4, 2, 2]",0.007261646445840597,0.9,False,1.0,0.006364245382333238,0
208,212,"[11, 13, 10, 11, 12, 15, 16, 17]","[5, 13, 10, 11, 12, 15, 16, 17]","[0, 0, 0]","[3, 3, 2]",0.10528070634851854,0.4,False,1.0,0.02898318726586345,0
209,212,"[11, 13, 10, 11, 12, 15, 16, 17]","[22, 13, 10, 11, 12, 15, 16, 17]","[0, 0, 0]","[0, 4, 1]",0.321876202399532,0.3,False,1.0,0.03134789359052431,0
210,212,"[11, 13, 10, 11, 12, 15, 16, 17]","[6, 13, 10, 11, 12, 15, 16, 17]","[0, 0, 0]","[3, 2, -1]",0.06082306243479252,1.0,False,0.6666666666666666,0.04416989664082687,0
211,217,"[10, 5, 10, 11, 12, 15, 16, 17]","[21, 5, 10, 11, 12, 15, 16, 17]","[3, 3, 3]","[1, -1, -1]",0.2410368025302887,1.0,False,0.3333333333333333,1.0,0
212,217,"[10, 5, 10, 11, 12, 15, 16, 17]","[12, 5, 10, 11, 12, 15, 16, 17]","[3, 3, 3]","[3, 1, 0]",0.28580238421758014,1.0,False,1.0,0.313517379306853,0
213,217,"[10, 5, 10, 11, 12, 15, 16, 17]","[22, 5, 10, 11, 12, 15, 16, 17]","[3, 3, 3]","[3, 1, 0]",0.25812476873397827,1.0,False,1.0,0.6374269005847953,0
214,217,"[10, 5, 10, 11, 12, 15, 16, 17]","[17, 5, 10, 11, 12, 15, 16, 17]","[3, 3, 3]","[3, 3, -1]",0.5022531896829605,1.0,False,0.6666666666666666,0.5130249867091973,0
215,217,"[10, 5, 10, 11, 12, 15, 16, 17]","[24, 5, 10, 11, 12, 15, 16, 17]","[3, 3, 3]","[0, 0, 0]",0.12014196813106537,1.0,False,1.0,0.6811594202898551,0
216,217,"[10, 5, 10, 11, 12, 15, 16, 17]","[23, 5, 10, 11, 12, 15, 16, 17]","[3, 3, 3]","[0, 4, 0]",0.10546230214337508,1.0,False,1.0,1.0,0
217,220,"[17, 18, 10, 11, 12, 15, 16, 17]","[18, 18, 10, 11, 12, 15, 16, 17]","[1, 1, 1]","[-1, 2, 2]",0.028445236384868622,0.2,False,0.6666666666666666,0.0035489278076411765,0
218,221,"[0, 1, 10, 11, 12, 15, 16, 17]","[22, 1, 10, 11, 12, 15, 16, 17]","[3, 3, 3]","[3, 1, 0]",0.23234226927161217,1.0,False,1.0,0.04664247037128393,0
219,221,"[0, 1, 10, 11, 12, 15, 16, 17]","[20, 1, 10, 11, 12, 15, 16, 17]","[3, 3, 3]","[3, 1, 0]",0.2279506412645181,1.0,False,1.0,0.15271368929905516,0
220,221,"[0, 1, 10, 11, 12, 15, 16, 17]","[17, 1, 10, 11, 12, 15, 16, 17]","[3, 3, 3]","[-1, 3, 2]",0.34292880445718765,1.0,False,0.6666666666666666,0.050732936326156663,0
221,222,"[15, 16, 10, 11, 12, 15, 16, 17]","[0, 16, 10, 11, 12, 15, 16, 17]","[1, 1, 0]","[3, 3, 2]",0.10804065937797229,1.0,False,1.0,0.36130672926447577,0
222,222,"[15, 16, 10, 11, 12, 15, 16, 17]","[17, 16, 10, 11, 12, 15, 16, 17]","[1, 1, 0]","[1, 0, 3]",0.2574700154364109,0.2,False,1.0,0.2756513099379651,0
223,222,"[15, 16, 10, 11, 12, 15, 16, 17]","[10, 16, 10, 11, 12, 15, 16, 17]","[1, 1, 0]","[1, 0, 3]",0.2834201802810033,0.2,False,1.0,0.26497514498757246,0
224,222,"[15, 16, 10, 11, 12, 15, 16, 17]","[15, 16, 10, 11, 12, 15, 16, 17]","[1, 1, 0]","[2, 1, 0]",0.40266120433807373,0.1,False,1.0,0.3544756725369816,0
225,222,"[15, 16, 10, 11, 12, 15, 16, 17]","[16, 16, 10, 11, 12, 15, 16, 17]","[1, 1, 0]","[-1, 1, 2]",0.35425462014973164,0.7,False,0.6666666666666666,0.39329605081469204,0
226,222,"[15, 16, 10, 11, 12, 15, 16, 17]","[21, 16, 10, 11, 12, 15, 16, 17]","[1, 1, 0]","[1, 2, 1]",0.24561657011508942,0.5,False,1.0,0.26842483361425223,0
227,227,"[11, 11, 10, 11, 12, 15, 16, 17]","[12, 11, 10, 11, 12, 15, 16, 17]","[2, 2, 3]","[3, 2, 4]",0.34797298597792786,0.7,False,1.0,0.30790441275927977,0
228,227,"[11, 11, 10, 11, 12, 15, 16, 17]","[19, 11, 10, 11, 12, 15, 16, 17]","[2, 2, 3]","[0, 4, 4]",0.06773329029480617,1.0,False,1.0,0.056217114372749934,0
229,227,"[11, 11, 10, 11, 12, 15, 16, 17]","[23, 11, 10, 11, 12, 15, 16, 17]","[2, 2, 3]","[1, 2, 0]",0.1542777568101883,1.0,False,1.0,0.05001817103727932,0
230,227,"[11, 11, 10, 11, 12, 15, 16, 17]","[14, 11, 10, 11, 12, 15, 16, 17]","[2, 2, 3]","[0, 3, 0]",0.1301074077685674,1.0,False,1.0,0.050220112873499555,0
231,227,"[11, 11, 10, 11, 12, 15, 16, 17]","[3, 11, 10, 11, 12, 15, 16, 17]","[2, 2, 3]","[3, 3, 3]",0.18144372353951135,1.0,False,1.0,0.04854288867297612,0
232,227,"[11, 11, 10, 11, 12, 15, 16, 17]","[15, 11, 10, 11, 12, 15, 16, 17]","[2, 2, 3]","[2, 0, 2]",0.24797631551822027,0.9,False,1.0,0.2779624475508607,0
233,229,"[8, 2, 10, 11, 12, 15, 16, 17]","[17, 2, 10, 11, 12, 15, 16, 17]","[3, 3, 3]","[1, 3, 2]",0.35857247312863666,1.0,False,1.0,0.27371916508538896,0
234,229,"[8, 2, 10, 11, 12, 15, 16, 17]","[24, 2, 10, 11, 12, 15, 16, 17]","[3, 3, 3]","[4, 0, 4]",0.04118638982375463,1.0,False,1.0,0.6989247311827956,0
235,229,"[8, 2, 10, 11, 12, 15, 16, 17]","[22, 2, 10, 11, 12, 15, 16, 17]","[3, 3, 3]","[4, 2, 1]",0.07946213458975156,1.0,False,1.0,0.3865847414234511,0
236,229,"[8, 2, 10, 11, 12, 15, 16, 17]","[23, 2, 10, 11, 12, 15, 16, 17]","[3, 3, 3]","[2, 0, 1]",0.10244228690862656,1.0,False,1.0,0.3655913978494623,0
237,229,"[8, 2, 10, 11, 12, 15, 16, 17]","[19, 2, 10, 11, 12, 15, 16, 17]","[3, 3, 3]","[1, 0, 3]",0.31572225689888,1.0,False,1.0,0.29301075268817206,0
238,229,"[8, 2, 10, 11, 12, 15, 16, 17]","[16, 2, 10, 11, 12, 15, 16, 17]","[3, 3, 3]","[2, 3, 2]",0.26783942927916843,1.0,False,1.0,0.31339250156454457,0
239,229,"[8, 2, 10, 11, 12, 15, 16, 17]","[20, 2, 10, 11, 12, 15, 16, 17]","[3, 3, 3]","[2, 2, 2]",0.14658349504073462,1.0,False,1.0,0.36208508648901355,0
240,239,"[23, 21, 10, 11, 12, 15, 16, 17]","[22, 21, 10, 11, 12, 15, 16, 17]","[1, 1, 1]","[4, 1, 4]",0.3346318881958723,0.1,False,1.0,0.5011473832259975,0
241,239,"[23, 21, 10, 11, 12, 15, 16, 17]","[21, 21, 10, 11, 12, 15, 16, 17]","[1, 1, 1]","[2, 3, 0]",0.07337719574570656,0.1,False,1.0,0.6818181818181818,0
242,239,"[23, 21, 10, 11, 12, 15, 16, 17]","[23, 21, 10, 11, 12, 15, 16, 17]","[1, 1, 1]","[2, 0, 1]",0.31960024250050384,0.1,False,1.0,0.6346146401889057,0
243,244,"[15, 15, 10, 11, 12, 15, 16, 17]","[15, 15, 10, 11, 12, 15, 16, 17]","[2, 2, 2]","[0, 0, 3]",0.024635517969727516,0.3,False,1.0,0.0037308143766553747,0
244,244,"[15, 15, 10, 11, 12, 15, 16, 17]","[16, 15, 10, 11, 12, 15, 16, 17]","[2, 2, 2]","[4, 3, -1]",0.17990752682089806,0.8,False,0.6666666666666666,0.02623152709359606,0
245,249,"[10, 13, 10, 11, 12, 15, 16, 17]","[16, 13, 10, 11, 12, 15, 16, 17]","[0, 0, 0]","[4, 2, 0]",0.11960603358844916,1.0,False,1.0,0.36485134362492855,0
246,249,"[10, 13, 10, 11, 12, 15, 16, 17]","[5, 13, 10, 11, 12, 15, 16, 17]","[0, 0, 0]","[1, 2, 3]",0.12957092747092247,0.8,False,1.0,0.01893939393939394,0
247,249,"[10, 13, 10, 11, 12, 15, 16, 17]","[12, 13, 10, 11, 12, 15, 16, 17]","[0, 0, 0]","[-1, 0, 2]",0.295396841596812,1.0,False,0.6666666666666666,0.27013187429854096,0
248,250,"[11, 6, 10, 11, 12, 15, 16, 17]","[20, 6, 10, 11, 12, 15, 16, 17]","[3, 3, 0]","[0, 2, 2]",0.10959430783987045,1.0,False,1.0,0.04242424242424242,0
249,251,"[22, 21, 10, 11, 12, 15, 16, 17]","[22, 21, 10, 11, 12, 15, 16, 17]","[1, 1, 1]","[1, 4, 1]",0.5141852131734291,0.1,False,1.0,0.7660472214741,0
250,253,"[4, 4, 10, 11, 12, 15, 16, 17]","[5, 4, 10, 11, 12, 15, 16, 17]","[0, 0, 0]","[2, 2, 1]",0.07475054760773976,1.0,False,1.0,0.04867919389978214,0
251,253,"[4, 4, 10, 11, 12, 15, 16, 17]","[12, 4, 10, 11, 12, 15, 16, 17]","[0, 0, 0]","[1, 1, 3]",0.14833138262232146,1.0,False,1.0,0.01972678064248713,0
252,253,"[4, 4, 10, 11, 12, 15, 16, 17]","[0, 4, 10, 11, 12, 15, 16, 17]","[0, 0, 0]","[2, 2, 2]",0.06691696743170421,1.0,False,1.0,0.05215141612200436,0
253,253,"[4, 4, 10, 11, 12, 15, 16, 17]","[7, 4, 10, 11, 12, 15, 16, 17]","[0, 0, 0]","[1, 0, -1]",0.2519142273813486,1.0,False,0.6666666666666666,0.024435531788472964,0
254,253,"[4, 4, 10, 11, 12, 15, 16, 17]","[11, 4, 10, 11, 12, 15, 16, 17]","[0, 0, 0]","[3, 1, 1]",0.09574243798851967,1.0,False,1.0,0.03371954842543078,0
255,255,"[16, 18, 10, 11, 12, 15, 16, 17]","[15, 18, 10, 11, 12, 15, 16, 17]","[0, 1, 0]","[3, 2, -1]",0.06354370713233948,0.3,False,0.6666666666666666,0.5184049079754601,0
256,255,"[16, 18, 10, 11, 12, 15, 16, 17]","[11, 18, 10, 11, 12, 15, 16, 17]","[0, 1, 0]","[3, 2, -1]",0.12349442392587662,0.3,False,0.6666666666666666,0.012501722000275519,0
257,255,"[16, 18, 10, 11, 12, 15, 16, 17]","[21, 18, 10, 11, 12, 15, 16, 17]","[0, 1, 0]","[-1, 3, 1]",0.08993257954716682,0.7,False,0.6666666666666666,0.5153374233128835,0
258,258,"[9, 4, 10, 11, 12, 15, 16, 17]","[22, 4, 10, 11, 12, 15, 16, 17]","[3, 3, 3]","[2, 2, -1]",0.11433828994631767,1.0,False,0.6666666666666666,0.525,0
259,258,"[9, 4, 10, 11, 12, 15, 16, 17]","[23, 4, 10, 11, 12, 15, 16, 17]","[3, 3, 3]","[0, 1, 2]",0.0839372103412946,1.0,False,1.0,0.09999999999999999,0
260,258,"[9, 4, 10, 11, 12, 15, 16, 17]","[18, 4, 10, 11, 12, 15, 16, 17]","[3, 3, 3]","[2, 3, -1]",0.48233290761709213,1.0,False,0.6666666666666666,0.4297619047619048,0
261,258,"[9, 4, 10, 11, 12, 15, 16, 17]","[24, 4, 10, 11, 12, 15, 16, 17]","[3, 3, 3]","[1, 0, 1]",0.052160066862901054,1.0,False,1.0,0.11666666666666665,0
262,269,"[17, 14, 10, 11, 12, 15, 16, 17]","[16, 14, 10, 11, 12, 15, 16, 17]","[0, 3, 0]","[1, 0, -1]",0.12804755941033363,1.0,False,0.6666666666666666,0.5163934426229508,0
263,269,"[17, 14, 10, 11, 12, 15, 16, 17]","[18, 14, 10, 11, 12, 15, 16, 17]","[0, 3, 0]","[1, 0, -1]",0.23519529029726982,1.0,False,0.6666666666666666,0.01614583333333333,0
264,269,"[17, 14, 10, 11, 12, 15, 16, 17]","[12, 14, 10, 11, 12, 15, 16, 17]","[0, 3, 0]","[-1, 3, 0]",0.43151067197322845,0.9,False,0.6666666666666666,0.3303921568627451,0
265,269,"[17, 14, 10, 11, 12, 15, 16, 17]","[7, 14, 10, 11, 12, 15, 16, 17]","[0, 3, 0]","[0, 4, 3]",0.1972908340394497,0.9,False,1.0,0.5191609977324263,0
266,269,"[17, 14, 10, 11, 12, 15, 16, 17]","[5, 14, 10, 11, 12, 15, 16, 17]","[0, 3, 0]","[2, 2, 2]",0.10991693412264188,0.8,False,1.0,0.6776556776556776,0
267,269,"[17, 14, 10, 11, 12, 15, 16, 17]","[23, 14, 10, 11, 12, 15, 16, 17]","[0, 3, 0]","[1, 0, 1]",0.19220025589068732,1.0,False,1.0,0.03576388888888889,0
268,273,"[6, 2, 10, 11, 12, 15, 16, 17]","[20, 2, 10, 11, 12, 15, 16, 17]","[3, 3, 0]","[4, 4, 1]",0.03792041167616844,1.0,False,1.0,1.0,0
269,273,"[6, 2, 10, 11, 12, 15, 16, 17]","[16, 2, 10, 11, 12, 15, 16, 17]","[3, 3, 0]","[4, 4, 1]",0.041306970020135246,1.0,False,1.0,0.018287037037037036,0
270,274,"[17, 15, 10, 11, 12, 15, 16, 17]","[14, 15, 10, 11, 12, 15, 16, 17]","[1, 1, 2]","[-1, 0, 1]",0.3121468760073185,1.0,False,0.6666666666666666,0.875,0
271,274,"[17, 15, 10, 11, 12, 15, 16, 17]","[12, 15, 10, 11, 12, 15, 16, 17]","[1, 1, 2]","[-1, 1, 2]",0.40861132740974426,1.0,False,0.6666666666666666,0.4761361278273501,0
272,274,"[17, 15, 10, 11, 12, 15, 16, 17]","[17, 15, 10, 11, 12, 15, 16, 17]","[1, 1, 2]","[2, 1, 4]",0.22815489148100218,0.8,False,1.0,0.29048099717701065,0
273,274,"[17, 15, 10, 11, 12, 15, 16, 17]","[4, 15, 10, 11, 12, 15, 16, 17]","[1, 1, 2]","[-1, 0, 3]",0.09679253399372101,1.0,False,0.6666666666666666,1.0,0
274,275,"[12, 11, 10, 11, 12, 15, 16, 17]","[9, 11, 10, 11, 12, 15, 16, 17]","[2, 1, 1]","[1, 0, 0]",0.0964578917870919,1.0,False,1.0,0.38557465453319845,0
275,275,"[12, 11, 10, 11, 12, 15, 16, 17]","[3, 11, 10, 11, 12, 15, 16, 17]","[2, 1, 1]","[2, 0, -1]",0.2646951749920845,1.0,False,0.6666666666666666,0.4642485248177716,0
276,275,"[12, 11, 10, 11, 12, 15, 16, 17]","[4, 11, 10, 11, 12, 15, 16, 17]","[2, 1, 1]","[0, 3, -1]",0.15240135788917542,1.0,False,0.6666666666666666,1.0,0
277,275,"[12, 11, 10, 11, 12, 15, 16, 17]","[14, 11, 10, 11, 12, 15, 16, 17]","[2, 1, 1]","[1, 0, 1]",0.2216672245413065,1.0,False,1.0,0.3710819009100101,0
278,275,"[12, 11, 10, 11, 12, 15, 16, 17]","[18, 11, 10, 11, 12, 15, 16, 17]","[2, 1, 1]","[1, 1, 1]",0.2726473684112231,1.0,False,1.0,0.34764376122279156,0
279,276,"[8, 8, 10, 11, 12, 15, 16, 17]","[10, 8, 10, 11, 12, 15, 16, 17]","[3, 0, 0]","[-1, -1, 3]",0.5018875598907471,1.0,False,0.3333333333333333,0.10309278350515463,0
280,276,"[8, 8, 10, 11, 12, 15, 16, 17]","[11, 8, 10, 11, 12, 15, 16, 17]","[3, 0, 0]","[2, 4, 2]",0.01115727098658681,1.0,False,1.0,0.3429487179487179,0
281,276,"[8, 8, 10, 11, 12, 15, 16, 17]","[1, 8, 10, 11, 12, 15, 16, 17]","[3, 0, 0]","[4, 4, 3]",0.031104227838416893,1.0,False,1.0,0.014120186800599172,0
282,289,"[24, 20, 10, 11, 12, 15, 16, 17]","[24, 20, 10, 11, 12, 15, 16, 17]","[1, 1, 1]","[1, 1, 1]",0.5703890919685364,1.0,False,1.0,0.7922724872381623,0
283,290,"[8, 4, 10, 11, 12, 15, 16, 17]","[18, 4, 10, 11, 12, 15, 16, 17]","[3, 3, 3]","[1, 1, 3]",0.30261199673016864,1.0,False,1.0,0.30158730158730157,0
284,290,"[8, 4, 10, 11, 12, 15, 16, 17]","[17, 4, 10, 11, 12, 15, 16, 17]","[3, 3, 3]","[1, 3, 2]",0.3566875110069911,1.0,False,1.0,0.291005291005291,0
285,290,"[8, 4, 10, 11, 12, 15, 16, 17]","[24, 4, 10, 11, 12, 15, 16, 17]","[3, 3, 3]","[1, 0, 0]",0.04750697811444601,1.0,False,1.0,0.3992063492063492,0
286,290,"[8, 4, 10, 11, 12, 15, 16, 17]","[23, 4, 10, 11, 12, 15, 16, 17]","[3, 3, 3]","[0, 1, 2]",0.08441322296857834,1.0,False,1.0,0.38333333333333336,0
287,290,"[8, 4, 10, 11, 12, 15, 16, 17]","[21, 4, 10, 11, 12, 15, 16, 17]","[3, 3, 3]","[-1, 2, 2]",0.08651521429419518,1.0,False,0.6666666666666666,0.537037037037037,0
288,292,"[9, 10, 10, 11, 12, 15, 16, 17]","[14, 10, 10, 11, 12, 15, 16, 17]","[3, 2, 0]","[-1, -1, 4]",0.04546211287379265,1.0,False,0.3333333333333333,0.03546099290780142,0
289,292,"[9, 10, 10, 11, 12, 15, 16, 17]","[3, 10, 10, 11, 12, 15, 16, 17]","[3, 2, 0]","[2, 3, 3]",0.2210345764954885,1.0,False,1.0,0.03517665280834761,0
290,297,"[24, 21, 10, 11, 12, 15, 16, 17]","[24, 21, 10, 11, 12, 15, 16, 17]","[1, 1, 1]","[1, 1, 1]",0.5665633380413055,1.0,False,1.0,0.8088922690617606,0
291,298,"[7, 6, 10, 11, 12, 15, 16, 17]","[22, 6, 10, 11, 12, 15, 16, 17]","[3, 3, 3]","[4, 1, 1]",0.17837704780201116,1.0,False,1.0,0.043478260869565216,0
292,298,"[7, 6, 10, 11, 12, 15, 16, 17]","[23, 6, 10, 11, 12, 15, 16, 17]","[3, 3, 3]","[1, 0, 1]",0.17282494405905405,1.0,False,1.0,0.36231884057971014,0
293,298,"[7, 6, 10, 11, 12, 15, 16, 17]","[20, 6, 10, 11, 12, 15, 16, 17]","[3, 3, 3]","[2, 2, 4]",0.03921586057792107,1.0,False,1.0,0.37575757575757573,0
294,300,"[8, 7, 10, 11, 12, 15, 16, 17]","[22, 7, 10, 11, 12, 15, 16, 17]","[3, 3, 3]","[2, 0, 2]",0.0721439818541209,1.0,False,1.0,0.07539682539682539,0
295,300,"[8, 7, 10, 11, 12, 15, 16, 17]","[23, 7, 10, 11, 12, 15, 16, 17]","[3, 3, 3]","[-1, 3, 1]",0.36024812795221806,1.0,False,0.6666666666666666,0.47112462006079026,0
296,300,"[8, 7, 10, 11, 12, 15, 16, 17]","[20, 7, 10, 11, 12, 15, 16, 17]","[3, 3, 3]","[2, 2, 2]",0.04362179835637411,1.0,False,1.0,0.378968253968254,0
297,303,"[24, 24, 10, 11, 12, 15, 16, 17]","[16, 24, 10, 11, 12, 15, 16, 17]","[0, 0, 0]","[0, 3, 3]",0.22739612124860287,0.5,False,1.0,0.6230327144120248,0
298,303,"[24, 24, 10, 11, 12, 15, 16, 17]","[21, 24, 10, 11, 12, 15, 16, 17]","[0, 0, 0]","[-1, 1, 1]",0.21860238909721375,1.0,False,0.6666666666666666,0.020689655172413793,0
299,303,"[24, 24, 10, 11, 12, 15, 16, 17]","[20, 24, 10, 11, 12, 15, 16, 17]","[0, 0, 0]","[2, 1, -1]",0.17885017022490501,1.0,False,0.6666666666666666,0.03765144454799627,0
300,303,"[24, 24, 10, 11, 12, 15, 16, 17]","[10, 24, 10, 11, 12, 15, 16, 17]","[0, 0, 0]","[3, 1, 2]",0.11350272099177043,0.9,False,1.0,0.022462858478779782,0
301,306,"[16, 17, 10, 11, 12, 15, 16, 17]","[17, 17, 10, 11, 12, 15, 16, 17]","[0, 3, 4]","[-1, 3, 2]",0.16832049190998077,1.0,False,0.6666666666666666,0.014325342607543576,0
302,306,"[16, 17, 10, 11, 12, 15, 16, 17]","[10, 17, 10, 11, 12, 15, 16, 17]","[0, 3, 4]","[3, 2, 3]",0.14296652376651764,0.9,False,1.0,0.34422224982403843,0
303,306,"[16, 17, 10, 11, 12, 15, 16, 17]","[20, 17, 10, 11, 12, 15, 16, 17]","[0, 3, 4]","[2, 3, 1]",0.08380154892802238,1.0,False,1.0,0.36229027693551646,0
304,318,"[15, 5, 10, 11, 12, 15, 16, 17]","[16, 5, 10, 11, 12, 15, 16, 17]","[3, 3, 3]","[1, 4, 1]",0.011275305490319928,0.9,False,1.0,0.011683392365210548,0
305,318,"[15, 5, 10, 11, 12, 15, 16, 17]","[5, 5, 10, 11, 12, 15, 16, 17]","[3, 3, 3]","[4, 2, 3]",0.3058250496784846,0.7,False,1.0,0.1886560409287682,0
306,318,"[15, 5, 10, 11, 12, 15, 16, 17]","[12, 5, 10, 11, 12, 15, 16, 17]","[3, 3, 3]","[3, 4, 0]",0.34445711070050794,0.4,False,1.0,0.05069362455726092,0
307,319,"[13, 5, 10, 11, 12, 15, 16, 17]","[20, 5, 10, 11, 12, 15, 16, 17]","[3, 3, 3]","[4, 2, 2]",0.05991885997354984,1.0,False,1.0,0.6842105263157895,0
308,319,"[13, 5, 10, 11, 12, 15, 16, 17]","[21, 5, 10, 11, 12, 15, 16, 17]","[3, 3, 3]","[3, 2, 4]",0.2665281717975934,1.0,False,1.0,0.326174020910863,0
309,319,"[13, 5, 10, 11, 12, 15, 16, 17]","[24, 5, 10, 11, 12, 15, 16, 17]","[3, 3, 3]","[0, 0, 0]",0.07326982046167056,1.0,False,1.0,0.37346711259754733,0
310,323,"[7, 9, 10, 11, 12, 15, 16, 17]","[5, 9, 10, 11, 12, 15, 16, 17]","[3, 0, 0]","[-1, 3, 2]",0.2599274776875973,1.0,False,0.6666666666666666,0.31746031746031744,0
311,323,"[7, 9, 10, 11, 12, 15, 16, 17]","[10, 9, 10, 11, 12, 15, 16, 17]","[3, 0, 0]","[-1, 3, 2]",0.2808958515524864,1.0,False,0.6666666666666666,0.05853174603174603,0
312,323,"[7, 9, 10, 11, 12, 15, 16, 17]","[0, 9, 10, 11, 12, 15, 16, 17]","[3, 0, 0]","[4, 0, 3]",0.14359805981318155,1.0,False,1.0,0.3531746031746032,0
313,323,"[7, 9, 10, 11, 12, 15, 16, 17]","[21, 9, 10, 11, 12, 15, 16, 17]","[3, 0, 0]","[1, 1, 0]",0.19154243978361288,1.0,False,1.0,0.04671717171717171,0
314,323,"[7, 9, 10, 11, 12, 15, 16, 17]","[16, 9, 10, 11, 12, 15, 16, 17]","[3, 0, 0]","[1, 1, 0]",0.06426771606008212,1.0,False,1.0,0.35714285714285715,0
315,323,"[7, 9, 10, 11, 12, 15, 16, 17]","[12, 9, 10, 11, 12, 15, 16, 17]","[3, 0, 0]","[0, 2, -1]",0.21367915719747543,1.0,False,0.6666666666666666,1.0,0
316,325,"[17, 10, 10, 11, 12, 15, 16, 17]","[20, 10, 10, 11, 12, 15, 16, 17]","[3, 2, 3]","[2, 2, -1]",0.087492935359478,1.0,False,0.6666666666666666,0.06355252606255012,0
317,325,"[17, 10, 10, 11, 12, 15, 16, 17]","[21, 10, 10, 11, 12, 15, 16, 17]","[3, 2, 3]","[-1, 4, 2]",0.05714765377342701,1.0,False,0.6666666666666666,0.5344827586206896,0
318,325,"[17, 10, 10, 11, 12, 15, 16, 17]","[24, 10, 10, 11, 12, 15, 16, 17]","[3, 2, 3]","[0, 0, 1]",0.1736218680938085,1.0,False,1.0,0.055938697318007664,0
319,328,"[2, 2, 10, 11, 12, 15, 16, 17]","[9, 2, 10, 11, 12, 15, 16, 17]","[3, 2, 2]","[3, 1, -1]",0.25818648748099804,1.0,False,0.6666666666666666,0.46203132415757,0
320,328,"[2, 2, 10, 11, 12, 15, 16, 17]","[14, 2, 10, 11, 12, 15, 16, 17]","[3, 2, 2]","[4, 0, 1]",0.05775704669455687,1.0,False,1.0,0.0272108843537415,0
321,330,"[12, 4, 10, 11, 12, 15, 16, 17]","[10, 4, 10, 11, 12, 15, 16, 17]","[3, 3, 3]","[2, 2, 2]",0.2424339602390925,1.0,False,1.0,0.014057803260742775,0
322,330,"[12, 4, 10, 11, 12, 15, 16, 17]","[19, 4, 10, 11, 12, 15, 16, 17]","[3, 3, 3]","[-1, 4, 0]",0.018440168350934982,1.0,False,0.6666666666666666,0.05581576893052303,0
323,332,"[19, 16, 10, 11, 12, 15, 16, 17]","[19, 16, 10, 11, 12, 15, 16, 17]","[1, 1, 1]","[1, 1, 1]",0.46286122997601825,1.0,False,1.0,0.82953216374269,0
324,334,"[12, 6, 10, 11, 12, 15, 16, 17]","[20, 6, 10, 11, 12, 15, 16, 17]","[3, 3, 3]","[2, 4, 1]",0.06343840342015028,1.0,False,1.0,0.06464646464646463,0
325,334,"[12, 6, 10, 11, 12, 15, 16, 17]","[21, 6, 10, 11, 12, 15, 16, 17]","[3, 3, 3]","[2, 2, 0]",0.10959430783987045,1.0,False,1.0,0.04242424242424242,0
326,336,"[6, 3, 10, 11, 12, 15, 16, 17]","[21, 3, 10, 11, 12, 15, 16, 17]","[3, 3, 3]","[4, 4, -1]",0.022217288613319397,1.0,False,0.6666666666666666,0.05,0
327,339,"[11, 15, 10, 11, 12, 15, 16, 17]","[12, 15, 10, 11, 12, 15, 16, 17]","[1, 1, 1]","[0, 4, 3]",0.056413713842630386,0.3,False,1.0,0.005796557120500783,0
328,340,"[6, 9, 10, 11, 12, 15, 16, 17]","[0, 9, 10, 11, 12, 15, 16, 17]","[3, 3, 0]","[4, 3, 3]",0.18840918938318887,1.0,False,1.0,0.2222222222222222,0
329,340,"[6, 9, 10, 11, 12, 15, 16, 17]","[6, 9, 10, 11, 12, 15, 16, 17]","[3, 3, 0]","[4, 3, 3]",0.2960164174437523,1.0,False,1.0,0.21164021164021163,0
330,340,"[6, 9, 10, 11, 12, 15, 16, 17]","[12, 9, 10, 11, 12, 15, 16, 17]","[3, 3, 0]","[3, 0, -1]",0.3725467175245285,1.0,False,0.6666666666666666,0.08630952380952381,0
331,340,"[6, 9, 10, 11, 12, 15, 16, 17]","[17, 9, 10, 11, 12, 15, 16, 17]","[3, 3, 0]","[1, 1, 4]",0.029603486880660057,1.0,False,1.0,1.0,0
332,340,"[6, 9, 10, 11, 12, 15, 16, 17]","[21, 9, 10, 11, 12, 15, 16, 17]","[3, 3, 0]","[1, 0, 4]",0.06969203613698483,1.0,False,1.0,0.35631868131868133,0
