,Agent,Monster,Tree2,Tree7,Tree12,Tree17,Tree22
0,6.0,9.0,1.0,0.0,1.0,2.0,2.0
1,6.0,8.0,1.0,0.0,1.0,1.0,2.0
2,11.0,13.0,0.0,2.0,1.0,0.0,0.0
3,1.0,3.0,1.0,0.0,2.0,0.0,1.0
4,1.0,4.0,2.0,2.0,2.0,2.0,1.0
5,6.0,8.0,1.0,1.0,1.0,1.0,2.0
6,5.0,4.0,1.0,0.0,2.0,0.0,1.0
7,11.0,14.0,1.0,1.0,0.0,1.0,0.0
8,11.0,13.0,1.0,1.0,0.0,1.0,2.0
9,11.0,14.0,2.0,1.0,2.0,2.0,1.0
10,16.0,18.0,2.0,1.0,1.0,1.0,1.0
11,16.0,19.0,2.0,1.0,1.0,0.0,2.0
12,21.0,23.0,0.0,1.0,2.0,2.0,1.0
13,1.0,4.0,0.0,1.0,1.0,0.0,2.0
14,6.0,4.0,2.0,0.0,1.0,2.0,1.0
15,11.0,13.0,1.0,0.0,2.0,0.0,2.0
16,6.0,9.0,2.0,0.0,1.0,0.0,1.0
17,11.0,14.0,1.0,1.0,1.0,1.0,1.0
18,16.0,19.0,0.0,2.0,1.0,0.0,1.0
19,6.0,9.0,1.0,1.0,2.0,2.0,2.0
20,6.0,8.0,0.0,0.0,1.0,1.0,1.0
21,11.0,13.0,2.0,0.0,0.0,2.0,0.0
22,21.0,23.0,0.0,2.0,2.0,1.0,0.0
23,16.0,19.0,0.0,1.0,1.0,2.0,1.0
24,11.0,14.0,1.0,2.0,0.0,2.0,1.0
25,11.0,14.0,2.0,1.0,0.0,1.0,1.0
26,11.0,14.0,0.0,0.0,0.0,1.0,0.0
27,16.0,19.0,1.0,1.0,0.0,2.0,1.0
28,1.0,4.0,0.0,2.0,1.0,0.0,2.0
29,0.0,4.0,0.0,1.0,2.0,2.0,2.0
30,11.0,13.0,0.0,0.0,1.0,1.0,1.0
31,16.0,19.0,2.0,1.0,1.0,0.0,1.0
32,1.0,3.0,2.0,1.0,0.0,2.0,1.0
33,11.0,3.0,2.0,1.0,2.0,0.0,2.0
34,11.0,8.0,1.0,2.0,2.0,1.0,1.0
35,6.0,8.0,1.0,2.0,2.0,1.0,2.0
36,21.0,23.0,2.0,1.0,1.0,0.0,0.0
37,11.0,14.0,1.0,2.0,0.0,1.0,2.0
38,1.0,3.0,0.0,2.0,2.0,2.0,1.0
39,6.0,9.0,2.0,0.0,1.0,1.0,1.0
40,16.0,19.0,2.0,1.0,2.0,0.0,0.0
41,11.0,14.0,2.0,1.0,0.0,2.0,1.0
42,0.0,3.0,0.0,0.0,2.0,1.0,1.0
43,1.0,4.0,2.0,1.0,1.0,1.0,1.0
44,1.0,3.0,0.0,2.0,1.0,0.0,1.0
45,6.0,9.0,2.0,0.0,0.0,2.0,1.0
46,21.0,23.0,2.0,1.0,2.0,2.0,1.0
47,6.0,3.0,2.0,1.0,2.0,1.0,2.0
48,11.0,13.0,0.0,1.0,0.0,0.0,1.0
49,16.0,18.0,0.0,1.0,1.0,1.0,2.0
50,16.0,23.0,2.0,1.0,2.0,0.0,1.0
51,16.0,19.0,0.0,1.0,0.0,0.0,0.0
52,6.0,9.0,1.0,1.0,0.0,0.0,2.0
53,1.0,4.0,0.0,1.0,2.0,0.0,1.0
54,6.0,9.0,0.0,0.0,0.0,0.0,2.0
55,6.0,4.0,2.0,2.0,2.0,2.0,1.0
56,16.0,23.0,2.0,2.0,0.0,1.0,1.0
57,16.0,18.0,0.0,2.0,0.0,1.0,1.0
58,6.0,9.0,1.0,1.0,2.0,0.0,1.0
59,11.0,13.0,0.0,2.0,0.0,2.0,1.0
60,16.0,19.0,2.0,2.0,1.0,0.0,0.0
61,16.0,19.0,2.0,1.0,1.0,0.0,0.0
62,11.0,14.0,1.0,2.0,2.0,1.0,2.0
63,16.0,19.0,2.0,1.0,0.0,1.0,1.0
64,11.0,13.0,0.0,1.0,0.0,2.0,1.0
65,11.0,13.0,2.0,1.0,2.0,1.0,1.0
66,6.0,8.0,1.0,0.0,1.0,2.0,0.0
67,16.0,18.0,0.0,1.0,0.0,1.0,0.0
68,6.0,9.0,1.0,0.0,2.0,1.0,1.0
69,5.0,9.0,1.0,0.0,2.0,2.0,2.0
70,11.0,14.0,0.0,2.0,1.0,0.0,1.0
71,11.0,14.0,0.0,0.0,0.0,1.0,1.0
72,11.0,19.0,2.0,2.0,2.0,2.0,0.0
73,6.0,9.0,2.0,2.0,0.0,1.0,0.0
74,6.0,4.0,1.0,2.0,2.0,2.0,0.0
75,11.0,14.0,1.0,0.0,2.0,2.0,0.0
76,11.0,18.0,1.0,1.0,0.0,2.0,2.0
77,16.0,19.0,1.0,2.0,1.0,1.0,0.0
78,6.0,4.0,2.0,0.0,0.0,2.0,1.0
79,16.0,18.0,2.0,2.0,2.0,0.0,0.0
80,11.0,13.0,0.0,1.0,1.0,1.0,0.0
81,16.0,23.0,1.0,2.0,2.0,2.0,1.0
82,16.0,23.0,1.0,1.0,0.0,0.0,2.0
83,11.0,14.0,2.0,0.0,0.0,1.0,1.0
84,6.0,9.0,2.0,2.0,2.0,1.0,1.0
85,6.0,9.0,2.0,0.0,0.0,1.0,1.0
86,1.0,3.0,2.0,1.0,2.0,1.0,1.0
87,6.0,8.0,2.0,0.0,0.0,1.0,0.0
88,6.0,8.0,1.0,0.0,1.0,2.0,2.0
89,1.0,4.0,0.0,2.0,2.0,1.0,2.0
90,1.0,3.0,2.0,1.0,1.0,0.0,2.0
91,1.0,4.0,0.0,1.0,2.0,0.0,2.0
92,6.0,9.0,2.0,0.0,0.0,0.0,2.0
93,16.0,18.0,1.0,0.0,1.0,1.0,1.0
94,11.0,13.0,2.0,2.0,0.0,0.0,1.0
95,11.0,13.0,1.0,2.0,2.0,2.0,0.0
96,5.0,3.0,2.0,1.0,0.0,2.0,0.0
97,6.0,8.0,0.0,1.0,0.0,2.0,1.0
98,0.0,3.0,0.0,2.0,2.0,2.0,1.0
99,11.0,14.0,1.0,1.0,2.0,0.0,2.0
100,1.0,3.0,1.0,2.0,1.0,2.0,2.0
101,1.0,3.0,2.0,2.0,2.0,1.0,2.0
102,6.0,9.0,2.0,2.0,0.0,1.0,2.0
103,11.0,18.0,2.0,2.0,1.0,2.0,0.0
104,16.0,18.0,1.0,1.0,2.0,1.0,0.0
105,1.0,3.0,2.0,1.0,0.0,2.0,0.0
106,21.0,23.0,0.0,1.0,1.0,2.0,2.0
107,11.0,13.0,0.0,2.0,1.0,2.0,1.0
108,16.0,19.0,1.0,0.0,2.0,1.0,0.0
109,6.0,8.0,0.0,2.0,2.0,1.0,2.0
110,11.0,14.0,0.0,0.0,0.0,2.0,1.0
111,11.0,13.0,1.0,0.0,0.0,1.0,0.0
112,11.0,13.0,1.0,1.0,0.0,2.0,2.0
113,16.0,19.0,0.0,1.0,1.0,0.0,1.0
114,21.0,23.0,2.0,1.0,2.0,1.0,1.0
115,11.0,3.0,2.0,0.0,1.0,1.0,0.0
116,5.0,9.0,2.0,0.0,1.0,0.0,1.0
117,6.0,3.0,1.0,1.0,2.0,2.0,1.0
118,11.0,14.0,0.0,2.0,0.0,1.0,2.0
119,0.0,3.0,0.0,0.0,0.0,2.0,2.0
120,11.0,14.0,2.0,1.0,2.0,2.0,2.0
121,6.0,9.0,1.0,0.0,0.0,2.0,2.0
122,1.0,3.0,0.0,1.0,0.0,1.0,1.0
123,1.0,4.0,1.0,1.0,0.0,1.0,0.0
124,16.0,23.0,2.0,2.0,2.0,2.0,0.0
125,6.0,4.0,2.0,0.0,1.0,2.0,2.0
126,16.0,23.0,1.0,2.0,1.0,2.0,1.0
127,6.0,9.0,2.0,0.0,2.0,2.0,1.0
128,16.0,19.0,2.0,1.0,0.0,0.0,0.0
129,6.0,9.0,0.0,2.0,0.0,1.0,0.0
130,16.0,18.0,1.0,1.0,2.0,0.0,2.0
131,0.0,3.0,0.0,1.0,0.0,0.0,0.0
132,21.0,23.0,1.0,0.0,0.0,0.0,0.0
133,1.0,3.0,0.0,0.0,1.0,1.0,1.0
134,5.0,3.0,1.0,2.0,2.0,2.0,2.0
135,16.0,18.0,0.0,1.0,0.0,0.0,1.0
136,11.0,13.0,1.0,0.0,1.0,2.0,2.0
137,11.0,14.0,1.0,0.0,0.0,1.0,2.0
138,1.0,3.0,1.0,0.0,0.0,2.0,2.0
139,6.0,9.0,2.0,1.0,1.0,0.0,2.0
140,16.0,23.0,1.0,0.0,1.0,1.0,0.0
141,16.0,19.0,2.0,1.0,2.0,1.0,0.0
142,11.0,13.0,2.0,2.0,0.0,1.0,2.0
143,6.0,3.0,2.0,2.0,2.0,2.0,2.0
144,6.0,9.0,1.0,2.0,2.0,2.0,0.0
145,1.0,3.0,0.0,2.0,2.0,2.0,2.0
146,11.0,13.0,0.0,1.0,0.0,2.0,0.0
147,16.0,19.0,2.0,2.0,0.0,1.0,2.0
148,6.0,3.0,0.0,0.0,0.0,2.0,1.0
149,11.0,13.0,0.0,0.0,0.0,2.0,1.0
150,16.0,19.0,2.0,2.0,0.0,0.0,0.0
151,1.0,4.0,1.0,0.0,2.0,2.0,2.0
152,16.0,18.0,0.0,0.0,2.0,1.0,2.0
153,11.0,14.0,1.0,1.0,0.0,2.0,2.0
154,11.0,14.0,0.0,1.0,0.0,1.0,1.0
155,16.0,18.0,2.0,2.0,0.0,1.0,0.0
156,15.0,23.0,1.0,1.0,2.0,2.0,0.0
157,1.0,3.0,2.0,2.0,1.0,1.0,1.0
158,6.0,4.0,1.0,0.0,2.0,0.0,0.0
159,11.0,13.0,0.0,2.0,2.0,2.0,1.0
160,1.0,4.0,1.0,2.0,1.0,1.0,2.0
161,11.0,14.0,1.0,1.0,0.0,0.0,0.0
162,16.0,19.0,1.0,0.0,1.0,0.0,2.0
163,11.0,13.0,0.0,0.0,0.0,0.0,0.0
164,11.0,9.0,1.0,2.0,1.0,1.0,2.0
165,6.0,4.0,1.0,2.0,1.0,1.0,0.0
166,16.0,19.0,2.0,2.0,2.0,2.0,2.0
167,6.0,9.0,1.0,0.0,2.0,0.0,1.0
168,16.0,23.0,2.0,1.0,2.0,1.0,2.0
169,5.0,8.0,1.0,0.0,0.0,2.0,1.0
170,1.0,4.0,0.0,2.0,1.0,2.0,2.0
171,5.0,4.0,0.0,1.0,2.0,1.0,1.0
172,11.0,9.0,2.0,1.0,1.0,2.0,0.0
173,16.0,18.0,2.0,2.0,2.0,2.0,0.0
174,1.0,4.0,0.0,0.0,2.0,2.0,1.0
175,16.0,19.0,0.0,0.0,0.0,0.0,2.0
176,21.0,23.0,1.0,1.0,1.0,2.0,1.0
177,21.0,23.0,2.0,2.0,1.0,1.0,1.0
178,21.0,23.0,1.0,1.0,2.0,2.0,1.0
179,1.0,4.0,2.0,2.0,1.0,0.0,2.0
180,16.0,18.0,2.0,1.0,1.0,2.0,2.0
181,11.0,13.0,1.0,2.0,0.0,2.0,1.0
182,6.0,3.0,2.0,1.0,0.0,1.0,2.0
183,16.0,19.0,2.0,0.0,2.0,0.0,2.0
184,16.0,19.0,0.0,1.0,1.0,0.0,0.0
185,16.0,18.0,0.0,2.0,2.0,0.0,2.0
186,6.0,8.0,1.0,0.0,2.0,1.0,0.0
187,11.0,8.0,2.0,1.0,1.0,0.0,1.0
188,1.0,3.0,2.0,1.0,0.0,2.0,2.0
189,11.0,14.0,2.0,2.0,1.0,1.0,0.0
190,11.0,14.0,1.0,1.0,1.0,0.0,1.0
191,6.0,9.0,0.0,2.0,2.0,1.0,1.0
192,16.0,23.0,2.0,1.0,2.0,2.0,1.0
193,6.0,9.0,2.0,0.0,2.0,0.0,1.0
194,11.0,9.0,0.0,2.0,0.0,2.0,0.0
195,16.0,19.0,0.0,0.0,0.0,0.0,1.0
196,11.0,14.0,0.0,0.0,2.0,0.0,2.0
197,5.0,8.0,2.0,0.0,2.0,1.0,1.0
198,16.0,18.0,0.0,1.0,0.0,0.0,0.0
199,11.0,13.0,2.0,0.0,0.0,2.0,1.0
200,6.0,8.0,2.0,2.0,0.0,0.0,2.0
201,6.0,8.0,2.0,0.0,0.0,2.0,2.0
202,21.0,23.0,1.0,1.0,2.0,0.0,1.0
203,6.0,9.0,2.0,2.0,0.0,2.0,0.0
204,6.0,3.0,1.0,1.0,0.0,2.0,2.0
205,6.0,8.0,2.0,0.0,2.0,0.0,0.0
206,16.0,19.0,2.0,0.0,1.0,0.0,1.0
207,16.0,18.0,1.0,1.0,0.0,0.0,0.0
208,16.0,18.0,2.0,0.0,1.0,1.0,2.0
209,1.0,4.0,0.0,2.0,2.0,1.0,0.0
210,11.0,13.0,0.0,0.0,2.0,0.0,2.0
211,16.0,18.0,0.0,1.0,2.0,2.0,1.0
212,16.0,19.0,2.0,0.0,0.0,2.0,1.0
213,6.0,9.0,0.0,1.0,2.0,2.0,2.0
214,16.0,18.0,0.0,1.0,1.0,1.0,0.0
215,6.0,4.0,0.0,1.0,1.0,1.0,2.0
216,11.0,14.0,0.0,1.0,0.0,2.0,1.0
217,16.0,23.0,1.0,2.0,1.0,1.0,1.0
218,16.0,18.0,2.0,2.0,2.0,0.0,2.0
219,16.0,18.0,2.0,1.0,2.0,0.0,1.0
220,21.0,23.0,0.0,2.0,0.0,2.0,0.0
221,11.0,14.0,2.0,1.0,2.0,2.0,0.0
222,16.0,18.0,2.0,0.0,2.0,2.0,1.0
223,21.0,23.0,2.0,0.0,0.0,1.0,0.0
224,6.0,8.0,0.0,0.0,2.0,1.0,2.0
225,16.0,23.0,1.0,2.0,2.0,1.0,2.0
226,16.0,19.0,2.0,1.0,0.0,2.0,2.0
227,6.0,9.0,2.0,0.0,1.0,2.0,1.0
228,1.0,3.0,0.0,1.0,2.0,1.0,2.0
229,11.0,13.0,1.0,1.0,2.0,1.0,1.0
230,16.0,18.0,2.0,2.0,1.0,0.0,0.0
231,16.0,18.0,2.0,2.0,0.0,2.0,0.0
232,6.0,9.0,2.0,0.0,2.0,2.0,2.0
233,16.0,19.0,1.0,0.0,2.0,0.0,2.0
234,6.0,8.0,2.0,2.0,2.0,0.0,1.0
235,16.0,23.0,1.0,0.0,2.0,0.0,2.0
236,6.0,8.0,2.0,2.0,1.0,0.0,2.0
237,11.0,3.0,2.0,0.0,1.0,2.0,2.0
238,11.0,14.0,2.0,1.0,2.0,1.0,1.0
239,11.0,8.0,2.0,2.0,2.0,0.0,0.0
240,6.0,8.0,1.0,0.0,2.0,0.0,2.0
241,6.0,8.0,0.0,2.0,1.0,2.0,2.0
242,11.0,13.0,2.0,2.0,1.0,1.0,2.0
243,1.0,3.0,0.0,2.0,0.0,1.0,1.0
244,6.0,4.0,1.0,1.0,1.0,1.0,2.0
245,6.0,4.0,2.0,2.0,2.0,2.0,0.0
246,1.0,3.0,0.0,0.0,1.0,2.0,2.0
247,11.0,9.0,1.0,2.0,1.0,2.0,2.0
248,16.0,19.0,0.0,0.0,2.0,0.0,1.0
249,16.0,23.0,1.0,0.0,0.0,0.0,1.0
250,1.0,3.0,2.0,1.0,1.0,1.0,1.0
251,5.0,9.0,2.0,0.0,0.0,1.0,2.0
252,6.0,4.0,1.0,1.0,0.0,1.0,2.0
253,11.0,13.0,1.0,2.0,0.0,0.0,0.0
254,6.0,8.0,1.0,0.0,1.0,0.0,2.0
255,15.0,23.0,1.0,1.0,1.0,1.0,1.0
256,5.0,4.0,2.0,0.0,1.0,2.0,1.0
257,11.0,9.0,1.0,1.0,0.0,0.0,0.0
258,6.0,4.0,2.0,1.0,0.0,0.0,2.0
259,11.0,14.0,2.0,0.0,0.0,0.0,1.0
260,21.0,23.0,2.0,1.0,0.0,1.0,0.0
261,16.0,18.0,0.0,2.0,2.0,2.0,1.0
262,11.0,14.0,2.0,2.0,0.0,1.0,1.0
263,11.0,18.0,1.0,0.0,2.0,2.0,2.0
264,11.0,13.0,1.0,1.0,1.0,0.0,1.0
265,6.0,8.0,1.0,1.0,1.0,2.0,1.0
266,15.0,19.0,0.0,1.0,0.0,0.0,1.0
267,6.0,8.0,2.0,2.0,2.0,1.0,1.0
268,21.0,23.0,1.0,1.0,0.0,1.0,2.0
269,1.0,4.0,0.0,1.0,2.0,1.0,1.0
270,6.0,8.0,1.0,1.0,0.0,2.0,1.0
271,16.0,18.0,1.0,2.0,2.0,1.0,2.0
272,20.0,23.0,2.0,2.0,1.0,2.0,0.0
273,6.0,8.0,2.0,2.0,2.0,2.0,0.0
274,6.0,8.0,2.0,0.0,2.0,2.0,2.0
275,1.0,4.0,1.0,2.0,2.0,1.0,2.0
276,16.0,18.0,0.0,0.0,0.0,1.0,1.0
277,16.0,18.0,2.0,2.0,0.0,0.0,1.0
278,1.0,4.0,2.0,1.0,2.0,1.0,0.0
279,16.0,18.0,1.0,0.0,0.0,0.0,0.0
280,6.0,8.0,1.0,1.0,0.0,2.0,2.0
281,11.0,14.0,0.0,2.0,0.0,0.0,2.0
282,11.0,13.0,2.0,1.0,0.0,2.0,1.0
283,21.0,23.0,1.0,1.0,2.0,0.0,0.0
284,11.0,23.0,2.0,2.0,1.0,0.0,2.0
285,6.0,8.0,2.0,1.0,1.0,0.0,1.0
286,11.0,14.0,1.0,2.0,0.0,1.0,1.0
287,11.0,14.0,1.0,0.0,0.0,0.0,1.0
288,5.0,4.0,0.0,0.0,0.0,2.0,2.0
289,6.0,9.0,1.0,2.0,1.0,1.0,1.0
290,16.0,19.0,0.0,0.0,2.0,2.0,1.0
291,11.0,14.0,1.0,2.0,0.0,1.0,0.0
292,11.0,13.0,0.0,2.0,2.0,1.0,2.0
293,11.0,13.0,1.0,1.0,2.0,0.0,2.0
294,6.0,8.0,0.0,1.0,2.0,2.0,0.0
295,11.0,18.0,1.0,2.0,2.0,2.0,1.0
296,21.0,23.0,2.0,1.0,1.0,0.0,2.0
297,16.0,19.0,2.0,1.0,2.0,2.0,0.0
298,1.0,4.0,0.0,1.0,2.0,2.0,1.0
299,6.0,3.0,2.0,0.0,1.0,0.0,0.0
300,6.0,9.0,0.0,1.0,0.0,0.0,2.0
301,6.0,8.0,0.0,1.0,1.0,1.0,2.0
302,16.0,19.0,2.0,1.0,2.0,2.0,2.0
303,6.0,3.0,2.0,1.0,0.0,2.0,0.0
304,11.0,14.0,0.0,2.0,0.0,1.0,1.0
305,6.0,9.0,1.0,0.0,1.0,1.0,0.0
306,6.0,4.0,2.0,1.0,0.0,2.0,1.0
307,1.0,4.0,0.0,0.0,2.0,2.0,2.0
308,1.0,4.0,0.0,1.0,0.0,0.0,2.0
309,11.0,14.0,1.0,0.0,0.0,1.0,0.0
310,1.0,3.0,0.0,2.0,2.0,1.0,2.0
311,20.0,23.0,0.0,0.0,2.0,1.0,0.0
312,6.0,4.0,2.0,0.0,2.0,1.0,2.0
313,1.0,3.0,1.0,0.0,2.0,2.0,1.0
314,21.0,23.0,1.0,0.0,2.0,1.0,2.0
315,16.0,19.0,1.0,0.0,1.0,2.0,1.0
316,16.0,23.0,2.0,1.0,1.0,0.0,2.0
317,6.0,9.0,1.0,1.0,2.0,0.0,2.0
318,6.0,8.0,1.0,0.0,0.0,0.0,1.0
319,1.0,4.0,0.0,0.0,1.0,0.0,2.0
320,6.0,8.0,0.0,0.0,1.0,0.0,0.0
321,16.0,18.0,1.0,1.0,1.0,0.0,1.0
322,16.0,19.0,2.0,2.0,1.0,1.0,0.0
323,21.0,23.0,2.0,2.0,1.0,1.0,0.0
324,11.0,14.0,1.0,1.0,0.0,1.0,1.0
325,6.0,8.0,2.0,0.0,1.0,2.0,1.0
326,1.0,3.0,2.0,2.0,1.0,1.0,2.0
327,16.0,18.0,1.0,1.0,0.0,1.0,2.0
328,11.0,14.0,1.0,2.0,1.0,2.0,2.0
329,6.0,9.0,1.0,0.0,0.0,1.0,2.0
330,11.0,13.0,0.0,0.0,0.0,1.0,2.0
331,11.0,8.0,2.0,2.0,0.0,2.0,1.0
332,16.0,23.0,2.0,1.0,0.0,0.0,2.0
333,6.0,8.0,2.0,0.0,0.0,2.0,0.0
334,6.0,8.0,1.0,1.0,2.0,0.0,1.0
335,21.0,23.0,1.0,1.0,1.0,1.0,1.0
336,6.0,4.0,1.0,2.0,0.0,0.0,1.0
337,6.0,3.0,1.0,2.0,2.0,0.0,0.0
338,11.0,14.0,2.0,1.0,0.0,2.0,2.0
339,16.0,19.0,2.0,2.0,1.0,0.0,2.0
340,6.0,3.0,1.0,1.0,1.0,0.0,2.0
341,11.0,13.0,2.0,0.0,0.0,1.0,1.0
342,6.0,8.0,2.0,0.0,0.0,0.0,2.0
343,16.0,19.0,1.0,2.0,2.0,0.0,0.0
344,16.0,18.0,2.0,1.0,1.0,0.0,1.0
345,16.0,23.0,1.0,0.0,1.0,0.0,1.0
346,16.0,23.0,1.0,1.0,1.0,1.0,2.0
347,6.0,8.0,0.0,1.0,2.0,1.0,2.0
348,16.0,23.0,2.0,2.0,2.0,2.0,2.0
349,6.0,4.0,2.0,0.0,1.0,0.0,1.0
350,6.0,3.0,1.0,1.0,1.0,1.0,1.0
351,1.0,3.0,0.0,0.0,2.0,2.0,2.0
352,1.0,4.0,2.0,2.0,2.0,0.0,2.0
353,1.0,4.0,1.0,2.0,2.0,0.0,1.0
354,6.0,3.0,1.0,0.0,1.0,1.0,2.0
355,11.0,14.0,0.0,2.0,2.0,0.0,2.0
356,6.0,8.0,0.0,0.0,2.0,2.0,1.0
357,16.0,19.0,2.0,0.0,2.0,2.0,1.0
358,11.0,13.0,1.0,1.0,0.0,1.0,1.0
359,1.0,4.0,0.0,0.0,1.0,2.0,1.0
360,1.0,4.0,2.0,2.0,0.0,1.0,2.0
361,1.0,4.0,2.0,0.0,1.0,2.0,0.0
362,16.0,19.0,1.0,2.0,1.0,1.0,2.0
363,11.0,13.0,2.0,1.0,0.0,1.0,1.0
364,21.0,23.0,0.0,0.0,1.0,2.0,2.0
365,16.0,19.0,0.0,0.0,2.0,1.0,1.0
366,1.0,3.0,0.0,1.0,1.0,1.0,1.0
367,21.0,23.0,1.0,2.0,2.0,2.0,1.0
368,16.0,19.0,1.0,1.0,1.0,0.0,0.0
369,1.0,3.0,2.0,0.0,1.0,2.0,2.0
370,16.0,19.0,2.0,0.0,0.0,0.0,0.0
371,15.0,19.0,2.0,2.0,2.0,0.0,0.0
372,16.0,18.0,0.0,2.0,2.0,1.0,0.0
373,6.0,4.0,1.0,1.0,2.0,0.0,1.0
374,6.0,9.0,2.0,1.0,1.0,1.0,2.0
375,6.0,8.0,0.0,0.0,2.0,1.0,1.0
376,11.0,14.0,1.0,2.0,1.0,0.0,2.0
377,11.0,13.0,2.0,1.0,0.0,2.0,2.0
378,11.0,13.0,2.0,2.0,0.0,2.0,2.0
379,6.0,9.0,1.0,0.0,0.0,2.0,1.0
380,1.0,3.0,0.0,1.0,0.0,0.0,1.0
381,11.0,14.0,0.0,1.0,1.0,0.0,1.0
382,16.0,19.0,0.0,1.0,2.0,0.0,2.0
383,6.0,4.0,1.0,1.0,0.0,0.0,1.0
384,16.0,18.0,2.0,1.0,0.0,0.0,1.0
385,1.0,3.0,1.0,2.0,1.0,1.0,1.0
386,1.0,4.0,0.0,0.0,2.0,2.0,0.0
387,15.0,23.0,0.0,2.0,0.0,0.0,0.0
388,1.0,4.0,1.0,2.0,2.0,2.0,0.0
389,11.0,14.0,0.0,2.0,0.0,2.0,2.0
390,1.0,4.0,2.0,0.0,2.0,2.0,2.0
391,11.0,13.0,1.0,0.0,1.0,2.0,1.0
392,11.0,9.0,1.0,2.0,0.0,2.0,0.0
393,6.0,8.0,0.0,0.0,2.0,2.0,0.0
394,16.0,18.0,2.0,2.0,0.0,2.0,1.0
395,1.0,4.0,0.0,2.0,1.0,0.0,1.0
396,6.0,8.0,0.0,1.0,0.0,1.0,2.0
397,6.0,9.0,2.0,0.0,2.0,1.0,2.0
398,6.0,3.0,1.0,1.0,2.0,2.0,2.0
399,15.0,23.0,2.0,0.0,1.0,0.0,1.0
400,6.0,4.0,2.0,1.0,2.0,1.0,0.0
401,11.0,3.0,2.0,0.0,2.0,0.0,0.0
402,16.0,19.0,2.0,0.0,2.0,1.0,0.0
403,11.0,8.0,1.0,2.0,2.0,2.0,2.0
404,1.0,3.0,1.0,1.0,0.0,2.0,1.0
405,11.0,13.0,0.0,2.0,0.0,2.0,0.0
406,21.0,23.0,1.0,0.0,1.0,2.0,0.0
407,11.0,13.0,1.0,1.0,0.0,2.0,1.0
408,1.0,3.0,0.0,2.0,1.0,0.0,0.0
409,16.0,18.0,0.0,1.0,1.0,0.0,0.0
410,1.0,3.0,0.0,1.0,1.0,0.0,0.0
411,11.0,14.0,2.0,0.0,1.0,2.0,2.0
412,6.0,8.0,1.0,0.0,0.0,2.0,1.0
413,6.0,9.0,1.0,0.0,2.0,1.0,2.0
414,6.0,9.0,0.0,1.0,1.0,2.0,2.0
415,11.0,13.0,0.0,0.0,1.0,1.0,2.0
416,6.0,8.0,2.0,2.0,0.0,2.0,2.0
417,11.0,14.0,1.0,2.0,2.0,2.0,0.0
418,11.0,14.0,2.0,0.0,0.0,1.0,0.0
419,1.0,4.0,2.0,2.0,0.0,2.0,1.0
420,1.0,4.0,0.0,2.0,1.0,1.0,1.0
421,16.0,18.0,2.0,0.0,0.0,1.0,1.0
422,11.0,18.0,1.0,2.0,1.0,2.0,2.0
423,6.0,8.0,1.0,0.0,2.0,1.0,1.0
424,1.0,3.0,2.0,2.0,0.0,2.0,1.0
425,6.0,8.0,2.0,0.0,1.0,1.0,2.0
426,6.0,9.0,2.0,1.0,1.0,2.0,0.0
427,1.0,3.0,0.0,1.0,1.0,1.0,0.0
428,16.0,18.0,2.0,0.0,1.0,0.0,1.0
429,16.0,23.0,0.0,2.0,2.0,2.0,2.0
430,1.0,4.0,1.0,0.0,2.0,0.0,2.0
431,1.0,4.0,0.0,0.0,2.0,0.0,0.0
432,16.0,23.0,1.0,0.0,2.0,2.0,1.0
433,11.0,14.0,2.0,1.0,0.0,0.0,2.0
434,1.0,4.0,0.0,1.0,2.0,1.0,2.0
435,1.0,4.0,0.0,0.0,2.0,2.0,1.0
436,21.0,23.0,1.0,1.0,0.0,2.0,0.0
437,11.0,13.0,0.0,1.0,0.0,2.0,1.0
438,6.0,9.0,2.0,2.0,0.0,0.0,1.0
439,15.0,19.0,0.0,2.0,0.0,0.0,2.0
440,6.0,9.0,2.0,0.0,1.0,0.0,1.0
441,6.0,3.0,0.0,0.0,2.0,0.0,0.0
442,16.0,18.0,2.0,1.0,0.0,2.0,0.0
443,1.0,3.0,1.0,2.0,2.0,2.0,1.0
444,21.0,23.0,2.0,2.0,2.0,2.0,2.0
445,6.0,3.0,1.0,2.0,1.0,2.0,1.0
446,16.0,19.0,1.0,1.0,1.0,2.0,1.0
447,11.0,13.0,0.0,2.0,1.0,1.0,1.0
448,21.0,23.0,0.0,1.0,0.0,0.0,2.0
449,21.0,23.0,1.0,2.0,1.0,2.0,0.0
450,21.0,23.0,2.0,1.0,2.0,2.0,0.0
451,11.0,13.0,2.0,0.0,2.0,1.0,2.0
452,1.0,4.0,1.0,1.0,2.0,1.0,0.0
453,6.0,9.0,1.0,0.0,2.0,0.0,2.0
454,1.0,3.0,0.0,2.0,1.0,0.0,2.0
455,6.0,9.0,1.0,0.0,2.0,1.0,1.0
456,11.0,14.0,1.0,1.0,1.0,2.0,1.0
457,16.0,18.0,2.0,1.0,2.0,0.0,2.0
458,11.0,9.0,2.0,2.0,1.0,1.0,1.0
459,16.0,18.0,1.0,0.0,1.0,2.0,1.0
460,11.0,8.0,1.0,1.0,2.0,2.0,0.0
461,11.0,13.0,1.0,2.0,0.0,1.0,0.0
462,16.0,19.0,1.0,1.0,2.0,2.0,2.0
463,11.0,13.0,2.0,2.0,0.0,2.0,0.0
464,6.0,9.0,0.0,0.0,2.0,2.0,1.0
465,11.0,14.0,0.0,2.0,0.0,0.0,1.0
466,6.0,8.0,2.0,1.0,0.0,2.0,1.0
467,1.0,3.0,2.0,1.0,0.0,0.0,0.0
468,1.0,4.0,0.0,2.0,1.0,2.0,0.0
469,16.0,19.0,0.0,0.0,1.0,0.0,1.0
470,11.0,13.0,1.0,0.0,2.0,1.0,2.0
471,11.0,14.0,1.0,2.0,0.0,2.0,1.0
472,6.0,9.0,0.0,0.0,1.0,2.0,2.0
473,16.0,18.0,0.0,2.0,0.0,0.0,1.0
474,6.0,9.0,1.0,2.0,2.0,1.0,1.0
475,6.0,9.0,2.0,0.0,2.0,2.0,0.0
476,11.0,13.0,1.0,1.0,0.0,1.0,0.0
477,1.0,3.0,0.0,0.0,1.0,1.0,1.0
478,21.0,23.0,2.0,1.0,1.0,2.0,1.0
479,11.0,9.0,2.0,1.0,1.0,2.0,1.0
480,1.0,3.0,1.0,1.0,0.0,2.0,2.0
481,21.0,23.0,2.0,2.0,1.0,1.0,2.0
482,20.0,23.0,2.0,2.0,1.0,1.0,0.0
483,15.0,19.0,2.0,0.0,0.0,2.0,1.0
484,6.0,4.0,2.0,1.0,0.0,2.0,0.0
485,6.0,4.0,0.0,1.0,1.0,1.0,0.0
486,16.0,18.0,0.0,1.0,1.0,1.0,1.0
487,21.0,23.0,0.0,1.0,2.0,2.0,2.0
488,1.0,3.0,2.0,1.0,0.0,2.0,1.0
489,6.0,8.0,2.0,2.0,2.0,2.0,2.0
490,1.0,3.0,0.0,2.0,2.0,1.0,2.0
491,21.0,23.0,0.0,2.0,1.0,2.0,0.0
492,6.0,3.0,2.0,1.0,1.0,2.0,1.0
493,6.0,9.0,2.0,0.0,1.0,0.0,2.0
494,11.0,14.0,0.0,2.0,0.0,1.0,0.0
495,1.0,4.0,0.0,0.0,1.0,2.0,2.0
496,6.0,8.0,1.0,0.0,2.0,2.0,1.0
497,16.0,18.0,1.0,2.0,1.0,0.0,1.0
498,21.0,23.0,2.0,1.0,2.0,0.0,1.0
499,6.0,8.0,2.0,1.0,1.0,2.0,1.0
500,6.0,9.0,1.0,2.0,0.0,1.0,2.0
501,11.0,14.0,2.0,1.0,1.0,0.0,2.0
502,16.0,19.0,1.0,2.0,1.0,1.0,0.0
503,11.0,14.0,2.0,1.0,0.0,2.0,0.0
504,5.0,9.0,1.0,1.0,0.0,2.0,0.0
505,11.0,13.0,0.0,1.0,2.0,2.0,1.0
506,5.0,3.0,1.0,1.0,1.0,0.0,1.0
507,11.0,8.0,2.0,2.0,1.0,1.0,2.0
508,6.0,3.0,2.0,2.0,2.0,0.0,1.0
509,21.0,23.0,1.0,0.0,1.0,2.0,0.0
510,21.0,23.0,2.0,2.0,1.0,2.0,1.0
511,11.0,14.0,2.0,1.0,0.0,2.0,2.0
512,16.0,19.0,0.0,0.0,2.0,1.0,0.0
513,11.0,14.0,1.0,2.0,0.0,1.0,2.0
514,20.0,23.0,0.0,1.0,0.0,1.0,0.0
515,11.0,14.0,2.0,1.0,0.0,1.0,0.0
516,6.0,9.0,2.0,1.0,2.0,0.0,2.0
517,6.0,9.0,1.0,2.0,2.0,0.0,2.0
518,0.0,3.0,1.0,0.0,1.0,2.0,1.0
519,15.0,19.0,0.0,2.0,0.0,2.0,1.0
520,21.0,23.0,0.0,1.0,0.0,2.0,2.0
521,6.0,8.0,2.0,0.0,1.0,2.0,2.0
522,20.0,23.0,0.0,1.0,1.0,1.0,1.0
523,16.0,19.0,1.0,2.0,1.0,0.0,1.0
524,20.0,23.0,2.0,2.0,1.0,2.0,0.0
525,16.0,19.0,2.0,1.0,2.0,0.0,1.0
526,11.0,13.0,0.0,0.0,0.0,0.0,2.0
527,16.0,18.0,1.0,0.0,1.0,0.0,1.0
528,20.0,23.0,1.0,1.0,0.0,1.0,0.0
529,21.0,23.0,1.0,0.0,1.0,0.0,2.0
530,6.0,8.0,0.0,1.0,0.0,2.0,2.0
531,6.0,4.0,2.0,1.0,0.0,0.0,2.0
532,11.0,14.0,1.0,1.0,0.0,2.0,0.0
533,16.0,18.0,2.0,2.0,0.0,2.0,1.0
534,11.0,14.0,1.0,2.0,1.0,2.0,2.0
535,6.0,8.0,1.0,0.0,0.0,0.0,2.0
536,5.0,3.0,2.0,0.0,2.0,0.0,1.0
537,16.0,18.0,0.0,1.0,1.0,0.0,2.0
538,1.0,3.0,2.0,0.0,1.0,0.0,0.0
539,0.0,3.0,2.0,2.0,0.0,1.0,1.0
540,6.0,8.0,2.0,0.0,0.0,2.0,1.0
541,11.0,14.0,1.0,2.0,2.0,1.0,1.0
542,15.0,19.0,1.0,1.0,0.0,0.0,2.0
543,6.0,9.0,2.0,1.0,0.0,2.0,0.0
544,21.0,23.0,2.0,1.0,2.0,0.0,0.0
545,15.0,18.0,2.0,1.0,0.0,2.0,1.0
546,6.0,4.0,2.0,0.0,2.0,0.0,1.0
547,6.0,3.0,0.0,1.0,2.0,1.0,1.0
548,5.0,4.0,1.0,2.0,0.0,2.0,2.0
549,16.0,19.0,1.0,1.0,1.0,1.0,2.0
550,21.0,23.0,0.0,2.0,0.0,0.0,1.0
551,6.0,8.0,1.0,0.0,2.0,0.0,1.0
552,5.0,8.0,0.0,1.0,2.0,0.0,2.0
553,16.0,18.0,0.0,0.0,1.0,2.0,1.0
554,5.0,3.0,1.0,1.0,1.0,2.0,2.0
555,11.0,14.0,2.0,2.0,0.0,1.0,0.0
556,11.0,13.0,0.0,1.0,0.0,1.0,1.0
557,6.0,9.0,1.0,0.0,1.0,2.0,1.0
558,1.0,3.0,1.0,1.0,2.0,1.0,1.0
559,15.0,18.0,2.0,2.0,2.0,1.0,0.0
560,21.0,23.0,2.0,2.0,2.0,0.0,2.0
561,20.0,23.0,2.0,1.0,2.0,2.0,1.0
562,15.0,19.0,2.0,0.0,1.0,1.0,2.0
563,6.0,8.0,2.0,0.0,2.0,1.0,0.0
564,1.0,4.0,0.0,2.0,0.0,0.0,2.0
565,6.0,9.0,2.0,0.0,1.0,2.0,1.0
566,16.0,19.0,1.0,1.0,0.0,0.0,1.0
567,20.0,23.0,2.0,1.0,1.0,0.0,1.0
568,20.0,23.0,1.0,2.0,2.0,1.0,0.0
569,21.0,23.0,0.0,0.0,0.0,2.0,1.0
570,1.0,3.0,1.0,2.0,2.0,1.0,1.0
571,16.0,19.0,2.0,0.0,1.0,2.0,2.0
572,11.0,4.0,1.0,1.0,2.0,2.0,1.0
573,11.0,13.0,2.0,0.0,0.0,2.0,1.0
574,16.0,18.0,2.0,2.0,2.0,2.0,2.0
575,6.0,9.0,1.0,2.0,2.0,0.0,0.0
576,6.0,3.0,2.0,1.0,0.0,2.0,1.0
577,15.0,19.0,0.0,0.0,1.0,1.0,1.0
578,5.0,9.0,1.0,1.0,2.0,2.0,1.0
579,11.0,14.0,1.0,1.0,0.0,2.0,2.0
580,1.0,3.0,1.0,0.0,1.0,1.0,2.0
581,11.0,14.0,2.0,2.0,0.0,0.0,1.0
582,16.0,18.0,2.0,1.0,0.0,0.0,1.0
583,16.0,18.0,2.0,0.0,2.0,0.0,0.0
584,16.0,18.0,1.0,0.0,1.0,0.0,2.0
585,5.0,4.0,1.0,1.0,0.0,2.0,0.0
586,6.0,4.0,2.0,2.0,2.0,1.0,1.0
587,0.0,4.0,2.0,2.0,2.0,2.0,0.0
588,0.0,3.0,2.0,0.0,2.0,1.0,1.0
589,11.0,14.0,2.0,2.0,1.0,2.0,1.0
590,21.0,23.0,0.0,0.0,0.0,1.0,0.0
591,11.0,8.0,2.0,1.0,2.0,2.0,0.0
592,6.0,9.0,1.0,0.0,1.0,1.0,0.0
593,1.0,3.0,2.0,1.0,0.0,1.0,0.0
594,16.0,18.0,2.0,2.0,1.0,0.0,0.0
595,6.0,3.0,0.0,1.0,1.0,2.0,0.0
596,6.0,9.0,0.0,2.0,1.0,1.0,1.0
597,11.0,13.0,0.0,1.0,0.0,2.0,0.0
598,5.0,3.0,0.0,1.0,1.0,0.0,2.0
599,5.0,4.0,1.0,2.0,1.0,1.0,1.0
600,1.0,4.0,2.0,2.0,1.0,1.0,0.0
601,15.0,18.0,1.0,2.0,2.0,1.0,1.0
602,16.0,18.0,0.0,2.0,0.0,2.0,0.0
603,6.0,4.0,0.0,2.0,1.0,1.0,0.0
604,11.0,13.0,2.0,2.0,2.0,1.0,0.0
605,11.0,13.0,2.0,0.0,1.0,1.0,2.0
606,5.0,3.0,0.0,1.0,0.0,1.0,0.0
607,16.0,19.0,2.0,1.0,1.0,0.0,1.0
608,1.0,4.0,1.0,1.0,1.0,1.0,0.0
609,16.0,18.0,1.0,2.0,1.0,2.0,2.0
610,1.0,4.0,1.0,2.0,1.0,2.0,1.0
611,6.0,4.0,0.0,2.0,0.0,1.0,1.0
612,11.0,8.0,0.0,2.0,1.0,0.0,2.0
613,1.0,4.0,0.0,0.0,0.0,1.0,2.0
614,16.0,18.0,2.0,0.0,2.0,1.0,1.0
615,11.0,14.0,2.0,0.0,1.0,2.0,0.0
616,6.0,8.0,1.0,2.0,2.0,0.0,1.0
617,5.0,3.0,2.0,2.0,0.0,0.0,0.0
618,16.0,19.0,1.0,1.0,1.0,0.0,2.0
619,6.0,4.0,1.0,1.0,2.0,1.0,1.0
620,1.0,3.0,0.0,1.0,1.0,0.0,2.0
621,21.0,23.0,2.0,1.0,2.0,1.0,0.0
622,6.0,8.0,0.0,0.0,1.0,1.0,1.0
623,21.0,23.0,1.0,0.0,2.0,1.0,0.0
624,21.0,23.0,0.0,1.0,1.0,2.0,0.0
625,16.0,19.0,0.0,1.0,2.0,0.0,1.0
626,11.0,13.0,2.0,1.0,1.0,0.0,1.0
627,21.0,23.0,2.0,2.0,1.0,1.0,0.0
628,6.0,3.0,2.0,1.0,0.0,0.0,2.0
629,1.0,4.0,0.0,2.0,0.0,2.0,1.0
630,20.0,23.0,2.0,0.0,1.0,1.0,0.0
631,6.0,4.0,2.0,1.0,2.0,1.0,1.0
632,11.0,14.0,2.0,2.0,2.0,1.0,2.0
633,11.0,13.0,2.0,1.0,2.0,0.0,0.0
634,11.0,13.0,0.0,2.0,0.0,2.0,1.0
635,11.0,13.0,2.0,1.0,0.0,2.0,2.0
636,16.0,18.0,0.0,1.0,1.0,0.0,0.0
637,21.0,23.0,1.0,2.0,0.0,2.0,1.0
638,16.0,19.0,2.0,1.0,1.0,1.0,2.0
639,21.0,23.0,2.0,2.0,0.0,1.0,0.0
640,16.0,18.0,1.0,1.0,1.0,0.0,2.0
641,5.0,8.0,2.0,0.0,2.0,2.0,1.0
642,5.0,3.0,2.0,1.0,0.0,1.0,0.0
643,5.0,8.0,0.0,0.0,2.0,0.0,1.0
644,11.0,13.0,0.0,2.0,0.0,1.0,2.0
645,0.0,3.0,2.0,0.0,2.0,0.0,1.0
646,21.0,23.0,1.0,1.0,1.0,2.0,2.0
647,11.0,13.0,1.0,1.0,2.0,1.0,2.0
648,21.0,23.0,2.0,2.0,1.0,1.0,1.0
649,11.0,14.0,0.0,1.0,2.0,1.0,2.0
650,11.0,13.0,0.0,0.0,0.0,1.0,1.0
651,16.0,19.0,2.0,2.0,1.0,0.0,2.0
652,20.0,23.0,2.0,0.0,1.0,0.0,1.0
653,0.0,4.0,0.0,2.0,1.0,1.0,1.0
654,21.0,23.0,0.0,2.0,2.0,1.0,2.0
655,11.0,13.0,2.0,1.0,0.0,1.0,1.0
656,11.0,14.0,0.0,0.0,0.0,1.0,2.0
657,6.0,9.0,1.0,1.0,2.0,1.0,2.0
658,16.0,19.0,1.0,2.0,2.0,0.0,0.0
659,20.0,23.0,2.0,2.0,0.0,1.0,0.0
660,21.0,23.0,0.0,1.0,2.0,1.0,0.0
661,15.0,19.0,1.0,0.0,0.0,0.0,2.0
662,11.0,8.0,0.0,1.0,2.0,1.0,1.0
663,5.0,3.0,0.0,0.0,1.0,2.0,1.0
664,6.0,9.0,1.0,0.0,1.0,1.0,1.0
665,16.0,18.0,0.0,1.0,2.0,0.0,0.0
666,11.0,13.0,0.0,2.0,2.0,1.0,1.0
667,1.0,4.0,0.0,0.0,1.0,1.0,2.0
668,20.0,23.0,2.0,2.0,1.0,0.0,1.0
669,16.0,18.0,0.0,1.0,0.0,2.0,1.0
670,6.0,8.0,1.0,1.0,1.0,2.0,2.0
671,1.0,3.0,0.0,1.0,0.0,1.0,1.0
672,0.0,4.0,0.0,0.0,1.0,0.0,1.0
673,11.0,13.0,1.0,2.0,2.0,1.0,2.0
674,1.0,3.0,0.0,2.0,0.0,1.0,1.0
675,11.0,13.0,2.0,2.0,0.0,1.0,0.0
676,16.0,18.0,1.0,0.0,0.0,0.0,0.0
677,15.0,18.0,1.0,1.0,0.0,2.0,1.0
678,21.0,23.0,1.0,2.0,0.0,2.0,2.0
679,16.0,19.0,1.0,1.0,0.0,2.0,1.0
680,1.0,3.0,0.0,2.0,0.0,2.0,1.0
681,20.0,23.0,2.0,2.0,2.0,1.0,2.0
682,11.0,9.0,1.0,2.0,2.0,2.0,2.0
683,6.0,9.0,2.0,1.0,1.0,2.0,2.0
684,1.0,3.0,0.0,2.0,0.0,0.0,2.0
685,11.0,9.0,1.0,1.0,2.0,2.0,1.0
686,5.0,3.0,1.0,2.0,2.0,1.0,2.0
687,11.0,4.0,2.0,1.0,2.0,2.0,0.0
688,1.0,4.0,0.0,2.0,2.0,2.0,2.0
689,16.0,19.0,1.0,0.0,2.0,0.0,0.0
690,1.0,3.0,0.0,0.0,1.0,2.0,0.0
691,11.0,14.0,0.0,1.0,0.0,0.0,1.0
692,16.0,18.0,1.0,1.0,1.0,2.0,2.0
693,11.0,14.0,2.0,1.0,0.0,1.0,2.0
694,21.0,23.0,0.0,0.0,1.0,0.0,0.0
695,11.0,8.0,1.0,1.0,2.0,1.0,1.0
696,11.0,14.0,1.0,1.0,0.0,2.0,1.0
697,6.0,8.0,2.0,0.0,0.0,1.0,1.0
698,21.0,23.0,0.0,2.0,0.0,1.0,2.0
699,16.0,18.0,0.0,1.0,0.0,0.0,0.0
700,6.0,9.0,1.0,0.0,0.0,2.0,1.0
701,0.0,3.0,1.0,0.0,2.0,2.0,1.0
702,1.0,4.0,0.0,1.0,1.0,2.0,0.0
703,16.0,19.0,2.0,1.0,2.0,0.0,0.0
704,16.0,18.0,2.0,2.0,1.0,0.0,1.0
705,1.0,3.0,2.0,1.0,0.0,1.0,1.0
706,16.0,19.0,0.0,2.0,1.0,0.0,1.0
707,16.0,18.0,1.0,2.0,2.0,0.0,2.0
708,6.0,9.0,1.0,1.0,1.0,2.0,0.0
709,16.0,18.0,1.0,1.0,0.0,0.0,1.0
710,16.0,19.0,1.0,1.0,2.0,0.0,0.0
711,21.0,23.0,1.0,1.0,0.0,0.0,2.0
712,5.0,9.0,1.0,0.0,2.0,0.0,2.0
713,6.0,8.0,1.0,0.0,2.0,1.0,2.0
714,6.0,9.0,0.0,2.0,1.0,2.0,2.0
715,16.0,19.0,1.0,1.0,1.0,1.0,0.0
716,1.0,4.0,1.0,0.0,2.0,0.0,1.0
717,21.0,23.0,2.0,0.0,1.0,2.0,0.0
718,11.0,14.0,0.0,2.0,0.0,0.0,2.0
719,11.0,13.0,1.0,2.0,0.0,2.0,0.0
720,11.0,13.0,2.0,2.0,1.0,0.0,2.0
721,11.0,14.0,0.0,0.0,0.0,0.0,0.0
722,6.0,4.0,2.0,0.0,2.0,1.0,2.0
723,11.0,4.0,2.0,1.0,1.0,0.0,1.0
724,16.0,18.0,1.0,1.0,0.0,2.0,1.0
725,11.0,13.0,1.0,2.0,1.0,1.0,0.0
726,16.0,18.0,1.0,0.0,1.0,2.0,2.0
727,16.0,18.0,2.0,1.0,2.0,0.0,0.0
728,11.0,13.0,0.0,1.0,0.0,1.0,2.0
729,1.0,4.0,2.0,1.0,1.0,2.0,0.0
730,6.0,8.0,0.0,0.0,0.0,1.0,0.0
731,21.0,23.0,1.0,2.0,2.0,2.0,0.0
732,21.0,23.0,1.0,2.0,2.0,0.0,1.0
733,6.0,9.0,2.0,0.0,1.0,1.0,1.0
734,6.0,4.0,2.0,0.0,0.0,1.0,1.0
735,16.0,19.0,1.0,2.0,2.0,1.0,1.0
736,21.0,23.0,1.0,0.0,0.0,0.0,0.0
737,6.0,4.0,2.0,1.0,1.0,2.0,2.0
738,16.0,18.0,0.0,0.0,0.0,0.0,2.0
739,6.0,9.0,0.0,0.0,1.0,1.0,0.0
740,5.0,3.0,2.0,2.0,0.0,0.0,1.0
741,11.0,14.0,0.0,2.0,0.0,1.0,1.0
742,1.0,4.0,0.0,1.0,1.0,2.0,1.0
743,16.0,18.0,1.0,2.0,0.0,0.0,2.0
744,6.0,3.0,1.0,2.0,1.0,1.0,1.0
745,1.0,4.0,0.0,1.0,1.0,1.0,2.0
746,6.0,9.0,1.0,0.0,2.0,1.0,2.0
747,1.0,4.0,1.0,2.0,1.0,1.0,1.0
748,1.0,4.0,0.0,0.0,0.0,2.0,1.0
749,11.0,14.0,2.0,2.0,1.0,0.0,1.0
750,16.0,18.0,2.0,0.0,0.0,0.0,2.0
751,11.0,13.0,0.0,1.0,2.0,2.0,0.0
752,1.0,4.0,2.0,0.0,0.0,1.0,0.0
753,11.0,13.0,2.0,1.0,2.0,2.0,0.0
754,21.0,23.0,1.0,2.0,2.0,1.0,2.0
755,6.0,4.0,1.0,0.0,1.0,1.0,1.0
756,1.0,3.0,2.0,2.0,0.0,0.0,2.0
757,6.0,3.0,2.0,2.0,1.0,0.0,2.0
758,11.0,13.0,0.0,0.0,0.0,1.0,0.0
759,16.0,19.0,2.0,2.0,2.0,0.0,1.0
760,6.0,9.0,0.0,0.0,1.0,0.0,2.0
761,1.0,3.0,0.0,0.0,0.0,2.0,1.0
762,6.0,8.0,2.0,0.0,1.0,2.0,0.0
763,16.0,18.0,0.0,2.0,1.0,0.0,2.0
764,11.0,13.0,2.0,1.0,0.0,1.0,2.0
765,21.0,23.0,2.0,1.0,1.0,2.0,0.0
766,11.0,4.0,1.0,2.0,2.0,1.0,1.0
767,6.0,9.0,1.0,2.0,0.0,2.0,2.0
768,1.0,4.0,1.0,2.0,1.0,1.0,2.0
769,11.0,14.0,2.0,1.0,2.0,1.0,1.0
770,16.0,18.0,2.0,1.0,2.0,0.0,1.0
771,15.0,19.0,0.0,2.0,0.0,1.0,1.0
772,15.0,18.0,0.0,1.0,0.0,2.0,0.0
773,6.0,8.0,0.0,0.0,0.0,1.0,1.0
774,11.0,9.0,2.0,2.0,1.0,0.0,2.0
775,16.0,19.0,2.0,2.0,1.0,0.0,0.0
776,11.0,14.0,0.0,2.0,1.0,1.0,2.0
777,1.0,3.0,0.0,2.0,2.0,1.0,0.0
778,1.0,3.0,1.0,1.0,1.0,0.0,0.0
779,16.0,19.0,1.0,2.0,1.0,2.0,1.0
780,21.0,23.0,0.0,0.0,2.0,0.0,0.0
781,1.0,3.0,0.0,2.0,2.0,1.0,1.0
782,6.0,3.0,0.0,0.0,2.0,1.0,1.0
783,16.0,18.0,1.0,1.0,2.0,0.0,1.0
784,1.0,3.0,1.0,1.0,2.0,2.0,0.0
785,16.0,18.0,1.0,0.0,2.0,0.0,0.0
786,16.0,19.0,2.0,1.0,2.0,0.0,2.0
787,11.0,4.0,1.0,1.0,2.0,2.0,0.0
788,15.0,18.0,0.0,2.0,1.0,1.0,2.0
789,6.0,3.0,2.0,0.0,2.0,1.0,2.0
790,6.0,9.0,1.0,0.0,1.0,2.0,2.0
791,6.0,8.0,2.0,1.0,1.0,1.0,1.0
792,6.0,4.0,1.0,2.0,2.0,0.0,2.0
793,5.0,4.0,2.0,2.0,0.0,1.0,1.0
794,20.0,23.0,0.0,1.0,2.0,1.0,0.0
795,1.0,3.0,0.0,2.0,1.0,2.0,2.0
796,20.0,23.0,2.0,2.0,0.0,2.0,1.0
797,5.0,4.0,1.0,2.0,0.0,2.0,0.0
798,11.0,14.0,2.0,2.0,0.0,1.0,1.0
799,11.0,13.0,1.0,0.0,0.0,2.0,0.0
800,5.0,3.0,2.0,2.0,2.0,1.0,0.0
801,5.0,3.0,1.0,1.0,1.0,1.0,2.0
802,1.0,3.0,2.0,1.0,0.0,2.0,2.0
803,16.0,18.0,1.0,2.0,2.0,2.0,1.0
804,20.0,23.0,1.0,0.0,0.0,0.0,2.0
805,21.0,23.0,2.0,2.0,2.0,0.0,1.0
806,16.0,18.0,1.0,1.0,1.0,0.0,0.0
807,5.0,8.0,1.0,1.0,1.0,2.0,1.0
808,1.0,4.0,1.0,2.0,2.0,2.0,2.0
809,6.0,9.0,2.0,1.0,0.0,2.0,2.0
810,16.0,19.0,1.0,1.0,0.0,0.0,2.0
811,21.0,23.0,2.0,1.0,1.0,1.0,2.0
812,1.0,3.0,1.0,2.0,1.0,2.0,2.0
813,6.0,4.0,2.0,1.0,1.0,0.0,2.0
814,11.0,14.0,1.0,1.0,0.0,1.0,2.0
815,1.0,3.0,0.0,1.0,0.0,0.0,2.0
816,16.0,18.0,1.0,1.0,1.0,0.0,1.0
817,5.0,8.0,1.0,0.0,1.0,2.0,2.0
818,1.0,4.0,1.0,1.0,0.0,2.0,1.0
819,16.0,19.0,1.0,2.0,0.0,0.0,2.0
820,11.0,14.0,0.0,1.0,2.0,2.0,2.0
821,11.0,8.0,1.0,1.0,1.0,1.0,1.0
822,16.0,18.0,0.0,2.0,1.0,0.0,0.0
823,16.0,18.0,1.0,2.0,2.0,2.0,2.0
824,16.0,19.0,0.0,1.0,1.0,0.0,0.0
825,16.0,18.0,1.0,2.0,0.0,2.0,0.0
826,6.0,9.0,2.0,0.0,1.0,1.0,2.0
827,6.0,9.0,1.0,2.0,0.0,1.0,0.0
828,6.0,9.0,1.0,1.0,0.0,0.0,2.0
829,16.0,19.0,2.0,2.0,0.0,0.0,0.0
830,6.0,8.0,0.0,2.0,2.0,1.0,2.0
831,6.0,8.0,2.0,2.0,2.0,0.0,2.0
832,15.0,19.0,1.0,2.0,1.0,1.0,0.0
833,6.0,8.0,2.0,0.0,0.0,2.0,2.0
834,21.0,23.0,2.0,0.0,2.0,0.0,1.0
835,15.0,19.0,1.0,2.0,2.0,2.0,1.0
836,21.0,23.0,0.0,2.0,2.0,1.0,1.0
837,21.0,23.0,0.0,0.0,2.0,2.0,2.0
838,1.0,3.0,0.0,0.0,0.0,1.0,1.0
839,16.0,23.0,1.0,1.0,0.0,0.0,2.0
840,21.0,23.0,2.0,0.0,0.0,1.0,1.0
841,6.0,9.0,0.0,0.0,1.0,2.0,1.0
842,16.0,18.0,2.0,1.0,1.0,0.0,0.0
843,6.0,8.0,1.0,0.0,1.0,2.0,1.0
844,5.0,4.0,0.0,2.0,1.0,1.0,2.0
845,0.0,4.0,1.0,2.0,0.0,2.0,2.0
846,16.0,18.0,2.0,1.0,1.0,0.0,1.0
847,6.0,4.0,1.0,1.0,1.0,1.0,1.0
848,6.0,4.0,0.0,0.0,2.0,0.0,2.0
849,1.0,4.0,0.0,0.0,0.0,2.0,0.0
850,1.0,4.0,1.0,0.0,2.0,1.0,2.0
851,6.0,4.0,0.0,0.0,0.0,2.0,2.0
852,6.0,8.0,0.0,0.0,2.0,2.0,0.0
853,21.0,23.0,1.0,0.0,2.0,0.0,0.0
854,6.0,3.0,0.0,1.0,2.0,2.0,2.0
855,5.0,3.0,1.0,1.0,2.0,2.0,0.0
856,15.0,19.0,2.0,1.0,2.0,0.0,1.0
857,16.0,18.0,1.0,0.0,2.0,2.0,2.0
858,21.0,23.0,0.0,0.0,1.0,0.0,2.0
859,1.0,3.0,0.0,1.0,0.0,2.0,2.0
860,16.0,19.0,0.0,2.0,1.0,2.0,2.0
861,6.0,3.0,1.0,1.0,0.0,0.0,2.0
862,1.0,4.0,1.0,1.0,1.0,2.0,1.0
863,1.0,3.0,1.0,2.0,1.0,0.0,1.0
864,11.0,14.0,2.0,0.0,2.0,0.0,2.0
865,6.0,3.0,1.0,1.0,2.0,2.0,2.0
866,16.0,19.0,1.0,0.0,2.0,1.0,2.0
867,6.0,3.0,1.0,1.0,1.0,1.0,0.0
868,16.0,18.0,2.0,0.0,0.0,0.0,1.0
869,16.0,18.0,2.0,2.0,2.0,0.0,1.0
870,16.0,19.0,0.0,1.0,0.0,1.0,2.0
871,16.0,18.0,1.0,2.0,0.0,1.0,2.0
872,1.0,4.0,0.0,1.0,2.0,1.0,1.0
873,5.0,9.0,1.0,0.0,0.0,2.0,0.0
874,15.0,18.0,2.0,0.0,0.0,1.0,2.0
875,16.0,19.0,0.0,1.0,2.0,2.0,1.0
876,1.0,4.0,1.0,0.0,1.0,0.0,0.0
877,11.0,14.0,0.0,2.0,2.0,1.0,2.0
878,21.0,23.0,2.0,1.0,1.0,0.0,0.0
879,5.0,9.0,1.0,0.0,0.0,1.0,1.0
880,20.0,23.0,2.0,1.0,2.0,1.0,0.0
881,6.0,9.0,2.0,2.0,2.0,2.0,0.0
882,16.0,19.0,2.0,1.0,0.0,0.0,1.0
883,11.0,13.0,1.0,0.0,2.0,1.0,1.0
884,11.0,13.0,2.0,1.0,2.0,2.0,1.0
885,16.0,18.0,1.0,2.0,2.0,0.0,0.0
886,6.0,8.0,0.0,0.0,2.0,2.0,1.0
887,11.0,9.0,2.0,2.0,1.0,2.0,0.0
888,6.0,9.0,1.0,0.0,2.0,1.0,2.0
889,11.0,13.0,2.0,0.0,0.0,0.0,2.0
890,21.0,23.0,2.0,0.0,0.0,2.0,0.0
891,16.0,19.0,0.0,0.0,0.0,1.0,1.0
892,16.0,18.0,0.0,2.0,0.0,2.0,1.0
893,16.0,23.0,0.0,2.0,2.0,0.0,2.0
894,11.0,13.0,1.0,1.0,2.0,2.0,1.0
895,0.0,4.0,0.0,2.0,2.0,1.0,1.0
896,16.0,19.0,0.0,0.0,2.0,0.0,2.0
897,6.0,9.0,2.0,0.0,0.0,0.0,2.0
898,6.0,4.0,1.0,2.0,0.0,0.0,2.0
899,1.0,4.0,0.0,0.0,2.0,1.0,1.0
900,6.0,8.0,2.0,1.0,0.0,2.0,1.0
901,6.0,8.0,2.0,0.0,0.0,2.0,0.0
902,6.0,9.0,2.0,2.0,1.0,1.0,2.0
903,21.0,23.0,2.0,1.0,1.0,2.0,0.0
904,11.0,13.0,1.0,2.0,0.0,1.0,1.0
905,6.0,4.0,2.0,2.0,0.0,2.0,2.0
906,11.0,8.0,2.0,2.0,2.0,1.0,2.0
907,6.0,8.0,2.0,1.0,0.0,1.0,0.0
908,11.0,9.0,1.0,2.0,1.0,2.0,1.0
909,15.0,19.0,0.0,0.0,2.0,1.0,1.0
910,16.0,18.0,0.0,0.0,1.0,2.0,1.0
911,6.0,9.0,1.0,0.0,1.0,1.0,1.0
912,6.0,9.0,2.0,1.0,2.0,1.0,2.0
913,5.0,3.0,0.0,1.0,1.0,0.0,0.0
914,1.0,4.0,2.0,2.0,2.0,2.0,2.0
915,16.0,19.0,0.0,1.0,1.0,2.0,1.0
916,6.0,9.0,0.0,0.0,2.0,1.0,2.0
917,11.0,14.0,2.0,0.0,0.0,0.0,1.0
918,6.0,8.0,1.0,1.0,0.0,2.0,2.0
919,6.0,4.0,2.0,0.0,1.0,2.0,1.0
920,16.0,19.0,0.0,1.0,0.0,1.0,0.0
921,6.0,4.0,0.0,2.0,1.0,0.0,2.0
922,6.0,3.0,2.0,0.0,2.0,1.0,2.0
923,6.0,3.0,2.0,2.0,0.0,2.0,1.0
924,21.0,23.0,2.0,2.0,1.0,0.0,1.0
925,16.0,18.0,1.0,2.0,2.0,0.0,2.0
926,21.0,23.0,1.0,1.0,1.0,1.0,1.0
927,21.0,23.0,2.0,1.0,1.0,1.0,1.0
928,1.0,4.0,0.0,1.0,1.0,1.0,2.0
929,11.0,8.0,2.0,1.0,2.0,0.0,1.0
930,11.0,13.0,2.0,1.0,0.0,0.0,2.0
931,6.0,9.0,2.0,2.0,1.0,2.0,1.0
932,16.0,19.0,2.0,2.0,0.0,0.0,0.0
933,15.0,19.0,1.0,1.0,1.0,0.0,1.0
934,15.0,23.0,2.0,0.0,2.0,2.0,1.0
935,6.0,4.0,2.0,2.0,2.0,0.0,1.0
936,6.0,3.0,2.0,1.0,1.0,2.0,2.0
937,11.0,13.0,2.0,1.0,1.0,1.0,2.0
938,6.0,8.0,1.0,2.0,0.0,1.0,1.0
939,16.0,18.0,2.0,1.0,1.0,0.0,0.0
940,16.0,18.0,1.0,2.0,2.0,0.0,0.0
941,16.0,18.0,2.0,0.0,0.0,0.0,1.0
942,1.0,3.0,0.0,1.0,2.0,0.0,0.0
943,1.0,4.0,2.0,1.0,0.0,2.0,1.0
944,16.0,18.0,0.0,1.0,2.0,0.0,0.0
945,6.0,8.0,0.0,2.0,1.0,2.0,2.0
946,11.0,13.0,0.0,0.0,0.0,2.0,0.0
947,6.0,9.0,2.0,0.0,0.0,1.0,0.0
948,16.0,18.0,1.0,1.0,1.0,0.0,2.0
949,1.0,4.0,0.0,1.0,2.0,0.0,2.0
950,11.0,13.0,1.0,0.0,0.0,2.0,2.0
951,11.0,14.0,2.0,0.0,0.0,2.0,1.0
952,6.0,9.0,1.0,0.0,0.0,1.0,1.0
953,6.0,3.0,2.0,2.0,0.0,1.0,2.0
954,11.0,13.0,2.0,1.0,2.0,2.0,0.0
955,11.0,14.0,1.0,1.0,0.0,1.0,2.0
956,1.0,4.0,2.0,2.0,1.0,2.0,2.0
957,21.0,23.0,0.0,2.0,1.0,1.0,2.0
958,6.0,4.0,2.0,1.0,2.0,2.0,0.0
959,11.0,9.0,0.0,2.0,1.0,0.0,0.0
960,6.0,8.0,0.0,2.0,0.0,0.0,1.0
961,6.0,8.0,2.0,0.0,0.0,1.0,1.0
962,5.0,8.0,0.0,0.0,1.0,1.0,1.0
963,16.0,19.0,1.0,1.0,1.0,0.0,2.0
964,6.0,9.0,0.0,0.0,2.0,2.0,0.0
965,16.0,19.0,0.0,1.0,1.0,0.0,2.0
966,6.0,8.0,2.0,2.0,2.0,0.0,1.0
967,21.0,23.0,2.0,1.0,2.0,0.0,0.0
968,11.0,8.0,0.0,1.0,1.0,2.0,0.0
969,16.0,23.0,1.0,1.0,1.0,1.0,0.0
970,11.0,13.0,1.0,0.0,0.0,1.0,2.0
971,11.0,13.0,0.0,2.0,0.0,0.0,1.0
972,0.0,4.0,0.0,1.0,2.0,0.0,2.0
973,1.0,3.0,1.0,0.0,1.0,0.0,1.0
974,16.0,19.0,1.0,0.0,0.0,0.0,2.0
975,16.0,19.0,2.0,2.0,2.0,0.0,1.0
976,1.0,3.0,2.0,2.0,0.0,1.0,1.0
977,15.0,23.0,2.0,2.0,2.0,2.0,0.0
978,15.0,18.0,2.0,1.0,1.0,0.0,2.0
979,11.0,14.0,0.0,2.0,1.0,2.0,2.0
980,6.0,9.0,2.0,2.0,1.0,1.0,0.0
981,16.0,23.0,2.0,2.0,0.0,1.0,2.0
982,11.0,19.0,0.0,2.0,2.0,2.0,1.0
983,16.0,18.0,2.0,0.0,0.0,1.0,1.0
984,1.0,3.0,0.0,1.0,2.0,2.0,1.0
985,16.0,23.0,2.0,1.0,2.0,0.0,2.0
986,11.0,14.0,1.0,2.0,0.0,1.0,0.0
987,16.0,19.0,0.0,2.0,2.0,0.0,1.0
988,6.0,9.0,2.0,0.0,1.0,2.0,0.0
989,16.0,23.0,2.0,1.0,2.0,2.0,2.0
990,15.0,18.0,2.0,0.0,1.0,0.0,2.0
991,16.0,18.0,2.0,2.0,2.0,1.0,1.0
992,1.0,4.0,0.0,0.0,1.0,0.0,0.0
993,21.0,23.0,1.0,2.0,1.0,1.0,2.0
994,16.0,18.0,0.0,1.0,2.0,2.0,2.0
995,6.0,8.0,1.0,2.0,1.0,1.0,1.0
996,1.0,4.0,0.0,2.0,2.0,2.0,2.0
997,11.0,14.0,0.0,1.0,0.0,2.0,1.0
998,1.0,3.0,2.0,1.0,1.0,0.0,2.0
999,6.0,9.0,2.0,0.0,2.0,1.0,2.0
1000,11.0,14.0,2.0,2.0,0.0,0.0,0.0
1001,5.0,9.0,2.0,2.0,2.0,0.0,0.0
1002,21.0,23.0,0.0,2.0,2.0,1.0,0.0
1003,1.0,3.0,0.0,2.0,2.0,2.0,2.0
1004,1.0,3.0,1.0,0.0,0.0,0.0,2.0
1005,16.0,19.0,2.0,2.0,2.0,1.0,1.0
1006,15.0,23.0,2.0,1.0,1.0,0.0,0.0
1007,6.0,8.0,0.0,2.0,2.0,2.0,1.0
1008,11.0,14.0,1.0,2.0,1.0,1.0,2.0
1009,16.0,19.0,0.0,1.0,2.0,0.0,0.0
1010,11.0,14.0,0.0,1.0,0.0,2.0,2.0
1011,6.0,9.0,1.0,0.0,2.0,2.0,0.0
1012,16.0,19.0,2.0,2.0,1.0,0.0,0.0
1013,11.0,14.0,2.0,0.0,1.0,1.0,0.0
1014,16.0,19.0,1.0,0.0,2.0,2.0,1.0
1015,21.0,23.0,1.0,1.0,2.0,2.0,0.0
1016,16.0,23.0,2.0,2.0,0.0,1.0,0.0
1017,6.0,3.0,1.0,2.0,1.0,2.0,1.0
1018,11.0,13.0,0.0,1.0,0.0,1.0,2.0
1019,16.0,19.0,2.0,1.0,2.0,0.0,0.0
1020,21.0,23.0,2.0,2.0,0.0,0.0,0.0
1021,16.0,19.0,2.0,2.0,1.0,0.0,1.0
1022,6.0,9.0,2.0,0.0,1.0,0.0,1.0
1023,6.0,3.0,2.0,1.0,2.0,1.0,1.0
1024,11.0,19.0,2.0,1.0,1.0,2.0,2.0
1025,16.0,19.0,0.0,1.0,2.0,2.0,2.0
1026,6.0,8.0,0.0,2.0,2.0,1.0,0.0
1027,11.0,14.0,1.0,2.0,2.0,0.0,2.0
1028,11.0,13.0,2.0,2.0,0.0,0.0,0.0
1029,15.0,19.0,2.0,2.0,2.0,1.0,1.0
1030,6.0,3.0,1.0,1.0,2.0,0.0,2.0
1031,21.0,23.0,0.0,1.0,0.0,2.0,0.0
1032,1.0,3.0,2.0,2.0,2.0,2.0,2.0
1033,0.0,4.0,1.0,1.0,2.0,0.0,1.0
1034,1.0,3.0,1.0,0.0,2.0,2.0,1.0
1035,1.0,3.0,0.0,0.0,1.0,1.0,1.0
1036,11.0,14.0,2.0,2.0,0.0,2.0,0.0
1037,16.0,19.0,2.0,1.0,1.0,0.0,0.0
1038,11.0,14.0,1.0,0.0,0.0,2.0,1.0
1039,16.0,18.0,0.0,0.0,2.0,0.0,2.0
1040,15.0,18.0,1.0,1.0,2.0,2.0,1.0
1041,5.0,3.0,1.0,1.0,2.0,1.0,1.0
1042,11.0,14.0,1.0,2.0,2.0,1.0,0.0
1043,21.0,23.0,0.0,2.0,0.0,1.0,2.0
1044,15.0,19.0,2.0,2.0,2.0,1.0,2.0
1045,11.0,9.0,1.0,2.0,2.0,2.0,0.0
1046,5.0,3.0,1.0,2.0,2.0,2.0,0.0
1047,11.0,13.0,0.0,0.0,2.0,1.0,2.0
1048,6.0,9.0,2.0,2.0,0.0,2.0,0.0
1049,16.0,19.0,1.0,1.0,0.0,2.0,2.0
1050,21.0,23.0,1.0,0.0,1.0,2.0,2.0
1051,6.0,9.0,0.0,2.0,2.0,2.0,2.0
1052,16.0,19.0,1.0,2.0,0.0,0.0,1.0
1053,6.0,3.0,2.0,2.0,2.0,1.0,1.0
1054,1.0,3.0,0.0,0.0,1.0,2.0,1.0
1055,5.0,9.0,2.0,1.0,0.0,0.0,1.0
1056,16.0,23.0,1.0,2.0,0.0,2.0,1.0
1057,15.0,19.0,2.0,1.0,2.0,0.0,0.0
1058,1.0,3.0,0.0,1.0,2.0,2.0,0.0
1059,1.0,4.0,0.0,1.0,0.0,2.0,2.0
1060,16.0,19.0,0.0,0.0,1.0,2.0,1.0
1061,6.0,9.0,1.0,0.0,2.0,1.0,0.0
1062,20.0,23.0,2.0,2.0,1.0,1.0,0.0
1063,6.0,4.0,1.0,2.0,1.0,2.0,2.0
1064,6.0,8.0,1.0,0.0,2.0,2.0,1.0
1065,1.0,3.0,2.0,1.0,2.0,1.0,1.0
1066,6.0,8.0,0.0,2.0,1.0,1.0,1.0
1067,16.0,18.0,0.0,2.0,2.0,0.0,2.0
1068,15.0,19.0,0.0,2.0,1.0,2.0,2.0
1069,6.0,8.0,1.0,2.0,1.0,0.0,0.0
1070,11.0,13.0,0.0,1.0,0.0,2.0,2.0
1071,16.0,23.0,1.0,0.0,1.0,2.0,2.0
1072,11.0,13.0,0.0,2.0,0.0,2.0,0.0
1073,16.0,18.0,1.0,0.0,2.0,1.0,2.0
1074,20.0,23.0,0.0,0.0,1.0,0.0,1.0
1075,11.0,13.0,2.0,1.0,2.0,1.0,1.0
1076,16.0,18.0,0.0,0.0,2.0,2.0,2.0
1077,16.0,19.0,0.0,0.0,0.0,1.0,2.0
1078,6.0,8.0,1.0,1.0,1.0,1.0,0.0
1079,16.0,19.0,0.0,2.0,0.0,2.0,1.0
1080,11.0,13.0,0.0,1.0,1.0,1.0,0.0
1081,11.0,3.0,2.0,2.0,1.0,2.0,2.0
1082,6.0,9.0,0.0,2.0,1.0,2.0,1.0
1083,16.0,18.0,2.0,1.0,2.0,0.0,1.0
1084,21.0,23.0,2.0,0.0,1.0,1.0,0.0
1085,6.0,9.0,2.0,0.0,0.0,2.0,2.0
1086,16.0,19.0,2.0,1.0,0.0,0.0,1.0
1087,6.0,8.0,1.0,0.0,1.0,2.0,1.0
1088,11.0,9.0,0.0,1.0,1.0,0.0,1.0
1089,1.0,3.0,2.0,2.0,1.0,2.0,1.0
1090,6.0,8.0,2.0,0.0,2.0,1.0,1.0
1091,16.0,19.0,0.0,2.0,1.0,0.0,0.0
1092,16.0,19.0,0.0,0.0,1.0,0.0,2.0
1093,11.0,19.0,1.0,0.0,1.0,2.0,2.0
1094,16.0,19.0,1.0,1.0,2.0,0.0,1.0
1095,0.0,4.0,0.0,0.0,2.0,1.0,2.0
1096,6.0,8.0,0.0,0.0,2.0,0.0,2.0
1097,6.0,8.0,2.0,2.0,0.0,2.0,1.0
1098,11.0,14.0,1.0,1.0,2.0,2.0,2.0
1099,11.0,13.0,0.0,2.0,0.0,1.0,0.0
1100,6.0,9.0,1.0,2.0,2.0,2.0,2.0
1101,1.0,4.0,2.0,2.0,1.0,1.0,2.0
1102,0.0,3.0,2.0,0.0,2.0,0.0,1.0
1103,16.0,23.0,0.0,0.0,1.0,2.0,2.0
1104,16.0,19.0,2.0,0.0,2.0,2.0,1.0
1105,11.0,13.0,1.0,0.0,0.0,0.0,1.0
1106,1.0,4.0,1.0,0.0,2.0,2.0,2.0
1107,11.0,8.0,0.0,2.0,0.0,2.0,1.0
1108,16.0,23.0,2.0,2.0,0.0,0.0,2.0
1109,16.0,18.0,1.0,1.0,1.0,2.0,0.0
1110,1.0,4.0,0.0,2.0,2.0,1.0,0.0
1111,6.0,8.0,0.0,0.0,0.0,2.0,1.0
1112,6.0,4.0,0.0,2.0,1.0,2.0,2.0
1113,1.0,3.0,2.0,0.0,1.0,1.0,1.0
1114,16.0,23.0,1.0,1.0,2.0,0.0,2.0
1115,6.0,9.0,1.0,0.0,0.0,0.0,0.0
1116,11.0,13.0,1.0,2.0,1.0,2.0,1.0
1117,11.0,13.0,1.0,2.0,0.0,1.0,2.0
1118,6.0,8.0,2.0,0.0,1.0,1.0,0.0
1119,16.0,18.0,2.0,2.0,1.0,2.0,1.0
1120,21.0,23.0,2.0,1.0,0.0,2.0,0.0
1121,11.0,14.0,2.0,0.0,0.0,1.0,0.0
1122,11.0,18.0,1.0,2.0,1.0,2.0,2.0
1123,16.0,18.0,2.0,1.0,1.0,0.0,1.0
1124,16.0,18.0,1.0,1.0,2.0,0.0,1.0
1125,1.0,4.0,1.0,2.0,1.0,2.0,0.0
1126,11.0,13.0,1.0,0.0,0.0,2.0,1.0
1127,6.0,8.0,1.0,2.0,0.0,2.0,1.0
1128,6.0,8.0,1.0,0.0,1.0,0.0,1.0
1129,16.0,19.0,0.0,2.0,2.0,1.0,1.0
1130,11.0,13.0,1.0,0.0,0.0,0.0,2.0
1131,6.0,4.0,1.0,1.0,1.0,2.0,1.0
1132,15.0,19.0,0.0,1.0,0.0,1.0,2.0
1133,15.0,19.0,1.0,1.0,1.0,1.0,1.0
1134,6.0,8.0,2.0,0.0,2.0,2.0,0.0
1135,16.0,18.0,0.0,0.0,1.0,0.0,1.0
1136,1.0,3.0,2.0,2.0,0.0,2.0,2.0
1137,5.0,8.0,1.0,0.0,2.0,0.0,1.0
1138,1.0,4.0,0.0,2.0,2.0,1.0,2.0
1139,21.0,23.0,1.0,2.0,1.0,1.0,0.0
1140,16.0,19.0,2.0,2.0,0.0,0.0,2.0
1141,16.0,19.0,0.0,2.0,1.0,0.0,2.0
1142,16.0,23.0,2.0,2.0,1.0,0.0,2.0
1143,1.0,3.0,0.0,1.0,2.0,1.0,1.0
1144,6.0,8.0,1.0,0.0,0.0,2.0,1.0
1145,5.0,4.0,0.0,1.0,2.0,2.0,1.0
1146,6.0,3.0,2.0,0.0,1.0,0.0,2.0
1147,11.0,14.0,1.0,0.0,2.0,1.0,1.0
1148,20.0,23.0,2.0,1.0,1.0,1.0,0.0
1149,11.0,13.0,0.0,0.0,2.0,1.0,1.0
1150,6.0,8.0,1.0,0.0,1.0,0.0,2.0
1151,11.0,13.0,2.0,2.0,0.0,2.0,1.0
1152,11.0,4.0,1.0,1.0,2.0,1.0,0.0
1153,1.0,4.0,2.0,0.0,2.0,2.0,0.0
1154,6.0,8.0,2.0,1.0,0.0,2.0,0.0
1155,5.0,8.0,1.0,0.0,1.0,2.0,2.0
1156,15.0,19.0,1.0,0.0,2.0,1.0,1.0
1157,1.0,3.0,0.0,2.0,1.0,2.0,1.0
1158,6.0,9.0,1.0,0.0,1.0,1.0,2.0
1159,11.0,13.0,1.0,2.0,2.0,2.0,2.0
1160,20.0,23.0,2.0,2.0,1.0,1.0,1.0
1161,11.0,13.0,2.0,1.0,0.0,2.0,2.0
1162,16.0,19.0,1.0,2.0,1.0,1.0,1.0
1163,6.0,8.0,0.0,0.0,2.0,2.0,0.0
1164,11.0,13.0,1.0,2.0,0.0,0.0,2.0
1165,1.0,4.0,0.0,0.0,1.0,2.0,2.0
1166,6.0,8.0,1.0,2.0,1.0,1.0,2.0
1167,16.0,18.0,2.0,2.0,0.0,2.0,2.0
1168,6.0,3.0,2.0,1.0,2.0,2.0,1.0
1169,11.0,14.0,1.0,2.0,2.0,2.0,2.0
1170,21.0,23.0,2.0,2.0,0.0,2.0,0.0
1171,11.0,13.0,2.0,1.0,0.0,0.0,0.0
1172,16.0,18.0,2.0,0.0,1.0,0.0,2.0
1173,6.0,3.0,1.0,1.0,2.0,2.0,2.0
1174,6.0,9.0,1.0,1.0,2.0,0.0,1.0
1175,21.0,23.0,2.0,1.0,1.0,1.0,0.0
1176,6.0,9.0,1.0,1.0,1.0,1.0,1.0
1177,21.0,23.0,0.0,1.0,2.0,2.0,0.0
1178,6.0,9.0,0.0,2.0,2.0,1.0,2.0
1179,0.0,3.0,0.0,0.0,0.0,0.0,0.0
1180,6.0,9.0,2.0,1.0,2.0,1.0,0.0
1181,6.0,9.0,0.0,0.0,0.0,2.0,1.0
1182,1.0,3.0,0.0,1.0,0.0,1.0,2.0
1183,6.0,8.0,0.0,0.0,0.0,0.0,1.0
1184,16.0,23.0,2.0,1.0,1.0,0.0,0.0
1185,11.0,13.0,0.0,1.0,0.0,0.0,1.0
1186,11.0,14.0,1.0,2.0,1.0,2.0,1.0
1187,16.0,23.0,1.0,0.0,1.0,0.0,2.0
1188,1.0,4.0,0.0,1.0,1.0,0.0,2.0
1189,6.0,4.0,2.0,0.0,2.0,0.0,2.0
1190,20.0,23.0,1.0,2.0,1.0,0.0,1.0
1191,16.0,19.0,2.0,0.0,0.0,2.0,2.0
1192,11.0,14.0,1.0,1.0,0.0,0.0,2.0
1193,6.0,8.0,1.0,0.0,2.0,2.0,0.0
1194,16.0,19.0,2.0,0.0,2.0,0.0,1.0
1195,0.0,4.0,1.0,2.0,0.0,0.0,2.0
1196,6.0,8.0,0.0,0.0,2.0,1.0,2.0
1197,1.0,3.0,0.0,2.0,0.0,2.0,2.0
1198,1.0,3.0,1.0,2.0,2.0,0.0,0.0
1199,6.0,4.0,1.0,1.0,2.0,2.0,2.0
1200,21.0,23.0,1.0,1.0,2.0,0.0,0.0
1201,1.0,3.0,2.0,2.0,2.0,1.0,1.0
1202,6.0,3.0,2.0,1.0,0.0,1.0,1.0
1203,21.0,23.0,2.0,1.0,2.0,2.0,1.0
1204,16.0,19.0,0.0,1.0,2.0,1.0,2.0
1205,11.0,13.0,1.0,1.0,0.0,2.0,2.0
1206,6.0,8.0,2.0,1.0,2.0,1.0,1.0
1207,11.0,8.0,0.0,2.0,2.0,2.0,1.0
1208,0.0,3.0,0.0,0.0,2.0,2.0,1.0
1209,6.0,8.0,2.0,1.0,0.0,1.0,1.0
1210,15.0,19.0,2.0,1.0,0.0,2.0,1.0
1211,11.0,13.0,1.0,2.0,0.0,2.0,0.0
1212,11.0,14.0,0.0,1.0,0.0,1.0,2.0
1213,6.0,8.0,2.0,2.0,0.0,1.0,1.0
1214,11.0,14.0,1.0,0.0,1.0,2.0,1.0
1215,15.0,23.0,1.0,2.0,0.0,1.0,0.0
1216,16.0,23.0,2.0,0.0,1.0,2.0,0.0
1217,11.0,14.0,1.0,1.0,0.0,2.0,0.0
1218,16.0,18.0,1.0,1.0,1.0,1.0,1.0
1219,15.0,19.0,1.0,2.0,1.0,1.0,2.0
1220,1.0,4.0,0.0,1.0,1.0,2.0,1.0
1221,6.0,9.0,0.0,1.0,2.0,2.0,0.0
1222,16.0,18.0,0.0,1.0,0.0,0.0,0.0
1223,6.0,9.0,1.0,2.0,1.0,1.0,2.0
1224,20.0,23.0,1.0,0.0,0.0,1.0,0.0
1225,1.0,4.0,0.0,0.0,2.0,0.0,0.0
1226,11.0,8.0,1.0,1.0,1.0,1.0,1.0
1227,20.0,23.0,0.0,1.0,1.0,0.0,1.0
1228,6.0,8.0,0.0,2.0,1.0,2.0,0.0
1229,6.0,3.0,0.0,1.0,2.0,0.0,0.0
1230,20.0,23.0,0.0,1.0,0.0,2.0,0.0
1231,21.0,23.0,0.0,2.0,1.0,2.0,1.0
1232,11.0,13.0,2.0,1.0,2.0,1.0,2.0
1233,16.0,19.0,0.0,2.0,2.0,2.0,0.0
1234,16.0,23.0,0.0,0.0,2.0,0.0,0.0
1235,21.0,23.0,2.0,1.0,2.0,2.0,0.0
1236,11.0,13.0,2.0,1.0,1.0,2.0,0.0
1237,16.0,18.0,0.0,1.0,1.0,2.0,2.0
1238,0.0,3.0,0.0,1.0,2.0,2.0,0.0
1239,1.0,3.0,2.0,0.0,1.0,1.0,2.0
1240,16.0,19.0,1.0,2.0,2.0,2.0,2.0
1241,11.0,13.0,0.0,2.0,0.0,2.0,2.0
1242,16.0,23.0,2.0,0.0,0.0,1.0,1.0
1243,16.0,18.0,2.0,0.0,0.0,0.0,0.0
1244,11.0,23.0,2.0,2.0,1.0,0.0,2.0
1245,15.0,18.0,1.0,2.0,1.0,1.0,1.0
1246,0.0,4.0,2.0,0.0,2.0,1.0,2.0
1247,21.0,23.0,2.0,2.0,1.0,0.0,0.0
1248,1.0,3.0,1.0,2.0,1.0,1.0,2.0
1249,6.0,8.0,1.0,0.0,2.0,0.0,0.0
1250,5.0,9.0,2.0,0.0,2.0,1.0,2.0
1251,0.0,3.0,0.0,0.0,1.0,0.0,2.0
1252,11.0,13.0,1.0,2.0,0.0,1.0,0.0
1253,11.0,13.0,2.0,0.0,0.0,2.0,0.0
1254,11.0,14.0,2.0,2.0,2.0,2.0,1.0
1255,6.0,8.0,1.0,0.0,0.0,1.0,0.0
1256,6.0,8.0,1.0,0.0,0.0,0.0,0.0
1257,11.0,8.0,2.0,1.0,0.0,2.0,1.0
1258,6.0,8.0,0.0,0.0,2.0,0.0,0.0
1259,1.0,4.0,2.0,1.0,2.0,2.0,2.0
1260,20.0,23.0,2.0,2.0,2.0,1.0,2.0
1261,16.0,23.0,1.0,2.0,2.0,0.0,2.0
1262,5.0,4.0,0.0,2.0,1.0,1.0,2.0
1263,6.0,9.0,1.0,0.0,2.0,1.0,1.0
1264,6.0,8.0,0.0,0.0,1.0,0.0,1.0
1265,6.0,9.0,2.0,0.0,2.0,1.0,1.0
1266,16.0,19.0,2.0,2.0,1.0,0.0,2.0
1267,11.0,14.0,1.0,0.0,0.0,2.0,0.0
1268,1.0,4.0,0.0,1.0,2.0,1.0,2.0
1269,5.0,3.0,1.0,0.0,2.0,1.0,1.0
1270,6.0,3.0,2.0,2.0,0.0,0.0,1.0
1271,11.0,13.0,1.0,1.0,1.0,0.0,2.0
1272,15.0,18.0,0.0,1.0,1.0,0.0,1.0
1273,16.0,23.0,0.0,2.0,2.0,2.0,0.0
1274,6.0,9.0,1.0,2.0,2.0,0.0,2.0
1275,11.0,13.0,0.0,1.0,0.0,1.0,1.0
1276,6.0,3.0,1.0,1.0,1.0,2.0,1.0
1277,16.0,18.0,2.0,2.0,2.0,0.0,2.0
1278,16.0,19.0,0.0,2.0,2.0,0.0,0.0
1279,15.0,18.0,1.0,1.0,1.0,1.0,0.0
1280,6.0,8.0,2.0,1.0,1.0,1.0,1.0
1281,11.0,13.0,1.0,0.0,1.0,0.0,2.0
1282,11.0,13.0,1.0,1.0,0.0,1.0,1.0
1283,6.0,3.0,0.0,1.0,1.0,1.0,1.0
1284,6.0,3.0,2.0,2.0,2.0,1.0,2.0
1285,6.0,3.0,0.0,1.0,2.0,2.0,1.0
1286,15.0,19.0,2.0,2.0,0.0,1.0,0.0
1287,11.0,13.0,2.0,2.0,0.0,1.0,1.0
1288,6.0,8.0,1.0,0.0,1.0,2.0,2.0
1289,16.0,18.0,2.0,1.0,0.0,0.0,1.0
1290,6.0,8.0,2.0,0.0,0.0,1.0,0.0
1291,6.0,8.0,1.0,1.0,1.0,2.0,1.0
1292,1.0,4.0,0.0,0.0,0.0,0.0,0.0
1293,1.0,4.0,0.0,2.0,1.0,2.0,2.0
1294,1.0,4.0,2.0,1.0,1.0,2.0,1.0
1295,6.0,3.0,2.0,2.0,1.0,1.0,1.0
1296,21.0,23.0,1.0,2.0,2.0,1.0,0.0
1297,11.0,14.0,2.0,0.0,0.0,1.0,1.0
1298,11.0,14.0,1.0,1.0,0.0,1.0,1.0
1299,11.0,14.0,2.0,1.0,0.0,0.0,2.0
1300,6.0,3.0,2.0,1.0,1.0,1.0,2.0
1301,11.0,13.0,2.0,0.0,2.0,0.0,2.0
1302,16.0,19.0,1.0,2.0,1.0,0.0,0.0
1303,16.0,19.0,1.0,2.0,1.0,2.0,1.0
1304,21.0,23.0,2.0,0.0,0.0,1.0,1.0
1305,21.0,23.0,0.0,0.0,0.0,2.0,0.0
1306,21.0,23.0,2.0,1.0,1.0,0.0,1.0
1307,11.0,13.0,0.0,0.0,0.0,0.0,0.0
1308,5.0,8.0,2.0,0.0,1.0,1.0,2.0
1309,6.0,9.0,2.0,1.0,2.0,2.0,0.0
1310,20.0,23.0,2.0,0.0,2.0,2.0,1.0
1311,5.0,4.0,0.0,0.0,0.0,2.0,2.0
1312,6.0,9.0,0.0,1.0,2.0,0.0,2.0
1313,11.0,8.0,2.0,2.0,2.0,1.0,0.0
1314,16.0,18.0,1.0,1.0,2.0,0.0,0.0
1315,0.0,4.0,2.0,0.0,0.0,1.0,2.0
1316,11.0,14.0,2.0,1.0,2.0,2.0,2.0
1317,0.0,3.0,0.0,2.0,0.0,1.0,2.0
1318,6.0,8.0,0.0,0.0,1.0,2.0,1.0
1319,11.0,13.0,2.0,1.0,1.0,2.0,2.0
1320,11.0,14.0,1.0,2.0,2.0,0.0,1.0
1321,6.0,3.0,1.0,1.0,0.0,2.0,1.0
1322,5.0,4.0,0.0,2.0,1.0,0.0,2.0
1323,6.0,8.0,1.0,2.0,0.0,1.0,2.0
1324,16.0,18.0,0.0,2.0,0.0,0.0,2.0
1325,11.0,13.0,0.0,0.0,0.0,0.0,2.0
1326,1.0,3.0,1.0,1.0,2.0,1.0,1.0
1327,5.0,9.0,0.0,2.0,0.0,0.0,2.0
1328,11.0,14.0,2.0,2.0,0.0,1.0,1.0
1329,16.0,19.0,2.0,1.0,0.0,0.0,2.0
1330,1.0,3.0,2.0,1.0,2.0,1.0,0.0
1331,11.0,14.0,0.0,1.0,1.0,1.0,0.0
1332,11.0,14.0,2.0,0.0,0.0,2.0,0.0
1333,6.0,3.0,0.0,2.0,2.0,0.0,2.0
1334,16.0,23.0,2.0,1.0,1.0,1.0,1.0
1335,11.0,13.0,1.0,2.0,0.0,2.0,1.0
1336,6.0,8.0,2.0,1.0,0.0,0.0,2.0
1337,6.0,4.0,1.0,1.0,1.0,1.0,0.0
1338,6.0,4.0,2.0,2.0,1.0,0.0,0.0
1339,1.0,3.0,1.0,1.0,0.0,2.0,1.0
1340,16.0,19.0,1.0,1.0,1.0,0.0,0.0
1341,11.0,14.0,1.0,0.0,0.0,1.0,1.0
1342,0.0,3.0,1.0,2.0,2.0,1.0,2.0
1343,11.0,14.0,0.0,1.0,1.0,2.0,1.0
1344,1.0,4.0,1.0,1.0,2.0,1.0,1.0
1345,11.0,14.0,2.0,1.0,0.0,0.0,0.0
1346,11.0,14.0,0.0,1.0,0.0,1.0,0.0
1347,1.0,4.0,0.0,2.0,2.0,0.0,1.0
1348,11.0,13.0,1.0,2.0,1.0,1.0,2.0
1349,16.0,18.0,2.0,0.0,2.0,1.0,1.0
1350,21.0,23.0,0.0,1.0,2.0,0.0,2.0
1351,16.0,18.0,1.0,2.0,0.0,1.0,1.0
1352,6.0,9.0,1.0,0.0,2.0,2.0,1.0
1353,1.0,4.0,2.0,1.0,1.0,2.0,2.0
1354,11.0,13.0,0.0,0.0,0.0,2.0,1.0
1355,16.0,18.0,2.0,1.0,1.0,0.0,2.0
1356,16.0,19.0,2.0,1.0,2.0,0.0,0.0
1357,15.0,19.0,1.0,0.0,2.0,1.0,1.0
1358,1.0,3.0,0.0,2.0,1.0,1.0,0.0
1359,6.0,9.0,1.0,0.0,1.0,0.0,0.0
1360,6.0,8.0,2.0,0.0,0.0,2.0,1.0
1361,16.0,19.0,0.0,1.0,2.0,0.0,1.0
1362,1.0,3.0,0.0,2.0,1.0,1.0,2.0
1363,1.0,3.0,1.0,2.0,2.0,2.0,1.0
1364,5.0,3.0,1.0,1.0,2.0,2.0,1.0
1365,16.0,18.0,0.0,1.0,0.0,0.0,0.0
1366,6.0,8.0,0.0,0.0,2.0,1.0,2.0
1367,6.0,9.0,0.0,2.0,0.0,0.0,2.0
1368,11.0,14.0,2.0,2.0,1.0,2.0,1.0
1369,1.0,3.0,2.0,0.0,2.0,1.0,1.0
1370,11.0,13.0,1.0,2.0,1.0,2.0,0.0
1371,6.0,8.0,2.0,1.0,1.0,1.0,2.0
1372,1.0,4.0,0.0,2.0,0.0,2.0,0.0
1373,6.0,8.0,0.0,2.0,1.0,2.0,1.0
1374,16.0,18.0,1.0,2.0,2.0,1.0,2.0
1375,11.0,14.0,1.0,0.0,0.0,2.0,0.0
1376,16.0,18.0,2.0,2.0,2.0,0.0,2.0
1377,6.0,8.0,1.0,1.0,1.0,1.0,2.0
1378,6.0,9.0,0.0,1.0,2.0,0.0,2.0
1379,21.0,23.0,1.0,2.0,0.0,1.0,0.0
1380,11.0,13.0,1.0,2.0,1.0,2.0,1.0
1381,6.0,8.0,0.0,0.0,2.0,2.0,1.0
1382,20.0,23.0,2.0,0.0,2.0,2.0,1.0
1383,1.0,4.0,0.0,0.0,1.0,0.0,1.0
1384,16.0,18.0,0.0,1.0,0.0,1.0,1.0
1385,5.0,8.0,2.0,0.0,0.0,2.0,1.0
1386,5.0,9.0,2.0,2.0,2.0,2.0,1.0
1387,21.0,23.0,0.0,2.0,1.0,2.0,1.0
1388,1.0,3.0,0.0,1.0,0.0,2.0,0.0
1389,11.0,13.0,2.0,2.0,0.0,2.0,2.0
1390,6.0,9.0,2.0,0.0,2.0,0.0,1.0
1391,1.0,3.0,0.0,1.0,2.0,1.0,1.0
1392,1.0,3.0,1.0,2.0,0.0,2.0,2.0
1393,1.0,4.0,1.0,2.0,2.0,1.0,1.0
1394,11.0,13.0,1.0,1.0,0.0,1.0,1.0
1395,16.0,19.0,0.0,2.0,1.0,1.0,2.0
1396,0.0,4.0,1.0,2.0,1.0,2.0,0.0
1397,15.0,19.0,1.0,0.0,0.0,0.0,0.0
1398,16.0,23.0,0.0,1.0,1.0,1.0,2.0
1399,1.0,3.0,1.0,2.0,2.0,1.0,2.0
1400,0.0,4.0,1.0,0.0,1.0,2.0,1.0
1401,6.0,8.0,2.0,1.0,1.0,2.0,1.0
1402,16.0,18.0,2.0,2.0,1.0,2.0,0.0
1403,11.0,13.0,2.0,2.0,2.0,0.0,2.0
1404,16.0,19.0,2.0,0.0,0.0,2.0,2.0
1405,1.0,3.0,0.0,1.0,0.0,1.0,2.0
1406,1.0,3.0,1.0,1.0,0.0,0.0,1.0
1407,11.0,13.0,1.0,2.0,2.0,0.0,2.0
1408,6.0,9.0,2.0,0.0,0.0,1.0,0.0
1409,6.0,9.0,2.0,0.0,1.0,1.0,1.0
1410,11.0,13.0,2.0,0.0,2.0,1.0,2.0
1411,6.0,8.0,2.0,2.0,0.0,2.0,0.0
1412,11.0,13.0,1.0,0.0,0.0,1.0,0.0
1413,11.0,14.0,0.0,2.0,0.0,1.0,0.0
1414,6.0,8.0,2.0,0.0,1.0,2.0,2.0
1415,21.0,23.0,0.0,0.0,2.0,2.0,1.0
1416,16.0,19.0,2.0,1.0,2.0,1.0,0.0
1417,1.0,4.0,0.0,1.0,0.0,1.0,1.0
1418,11.0,13.0,2.0,0.0,0.0,0.0,2.0
1419,15.0,23.0,1.0,2.0,0.0,1.0,1.0
1420,6.0,8.0,2.0,2.0,0.0,0.0,2.0
1421,20.0,23.0,2.0,0.0,1.0,0.0,1.0
1422,20.0,23.0,2.0,1.0,1.0,0.0,1.0
1423,0.0,3.0,0.0,2.0,2.0,0.0,2.0
1424,1.0,4.0,1.0,2.0,2.0,1.0,0.0
1425,5.0,8.0,1.0,1.0,2.0,1.0,2.0
1426,16.0,18.0,0.0,0.0,1.0,0.0,2.0
1427,15.0,23.0,1.0,1.0,0.0,2.0,1.0
1428,11.0,14.0,2.0,1.0,0.0,2.0,2.0
1429,6.0,9.0,1.0,2.0,2.0,2.0,1.0
1430,11.0,14.0,1.0,2.0,0.0,2.0,1.0
1431,6.0,8.0,0.0,1.0,2.0,2.0,0.0
1432,16.0,23.0,2.0,1.0,2.0,0.0,0.0
1433,15.0,19.0,2.0,1.0,1.0,0.0,1.0
1434,16.0,18.0,1.0,1.0,1.0,1.0,1.0
1435,6.0,8.0,0.0,2.0,2.0,0.0,2.0
1436,11.0,13.0,0.0,2.0,1.0,2.0,1.0
1437,11.0,13.0,1.0,2.0,0.0,2.0,1.0
1438,11.0,14.0,1.0,1.0,0.0,1.0,0.0
1439,15.0,23.0,0.0,2.0,0.0,2.0,0.0
1440,5.0,8.0,1.0,0.0,1.0,0.0,1.0
1441,11.0,13.0,2.0,0.0,0.0,0.0,0.0
1442,21.0,23.0,0.0,2.0,2.0,2.0,1.0
1443,6.0,9.0,2.0,0.0,2.0,1.0,1.0
1444,6.0,8.0,2.0,2.0,1.0,1.0,2.0
1445,16.0,19.0,1.0,1.0,2.0,0.0,0.0
1446,0.0,3.0,1.0,2.0,2.0,2.0,2.0
1447,6.0,9.0,2.0,1.0,1.0,1.0,1.0
1448,6.0,8.0,0.0,0.0,0.0,1.0,2.0
1449,11.0,14.0,2.0,1.0,0.0,1.0,1.0
1450,6.0,8.0,0.0,2.0,2.0,1.0,2.0
1451,6.0,8.0,1.0,0.0,1.0,2.0,1.0
1452,0.0,4.0,2.0,2.0,2.0,2.0,2.0
1453,21.0,23.0,1.0,0.0,2.0,1.0,0.0
1454,21.0,23.0,2.0,2.0,1.0,0.0,1.0
1455,16.0,23.0,0.0,1.0,0.0,0.0,1.0
1456,16.0,18.0,1.0,0.0,1.0,0.0,1.0
1457,1.0,3.0,2.0,1.0,2.0,2.0,1.0
1458,21.0,23.0,0.0,1.0,2.0,2.0,2.0
1459,0.0,4.0,1.0,1.0,0.0,0.0,1.0
1460,15.0,18.0,2.0,1.0,2.0,0.0,2.0
1461,21.0,23.0,0.0,1.0,1.0,2.0,2.0
1462,6.0,8.0,2.0,0.0,0.0,1.0,2.0
1463,11.0,14.0,1.0,1.0,0.0,2.0,1.0
1464,11.0,14.0,1.0,1.0,2.0,0.0,1.0
1465,0.0,3.0,0.0,1.0,0.0,2.0,2.0
1466,6.0,9.0,2.0,2.0,1.0,2.0,1.0
1467,1.0,3.0,0.0,1.0,2.0,2.0,1.0
1468,5.0,8.0,1.0,1.0,0.0,0.0,1.0
1469,16.0,18.0,1.0,0.0,1.0,1.0,2.0
1470,11.0,14.0,0.0,1.0,0.0,2.0,2.0
1471,6.0,8.0,2.0,1.0,2.0,2.0,2.0
1472,16.0,19.0,0.0,2.0,1.0,2.0,1.0
1473,21.0,23.0,0.0,0.0,0.0,2.0,2.0
1474,11.0,13.0,1.0,0.0,1.0,2.0,1.0
1475,11.0,14.0,2.0,1.0,2.0,1.0,1.0
1476,1.0,3.0,2.0,1.0,2.0,2.0,2.0
1477,21.0,23.0,2.0,1.0,0.0,1.0,0.0
1478,15.0,18.0,1.0,2.0,2.0,2.0,0.0
1479,16.0,19.0,0.0,0.0,0.0,0.0,2.0
1480,1.0,4.0,1.0,2.0,0.0,1.0,0.0
1481,15.0,23.0,1.0,1.0,2.0,1.0,1.0
1482,21.0,23.0,1.0,0.0,1.0,1.0,1.0
1483,6.0,9.0,1.0,0.0,1.0,2.0,1.0
1484,6.0,9.0,2.0,0.0,0.0,2.0,2.0
1485,0.0,3.0,2.0,2.0,0.0,1.0,1.0
1486,1.0,4.0,2.0,2.0,1.0,1.0,1.0
1487,5.0,9.0,0.0,0.0,1.0,2.0,2.0
1488,15.0,19.0,0.0,1.0,1.0,2.0,1.0
1489,1.0,4.0,0.0,0.0,2.0,1.0,1.0
1490,0.0,3.0,0.0,1.0,2.0,1.0,0.0
1491,11.0,13.0,0.0,0.0,0.0,0.0,0.0
1492,15.0,18.0,2.0,1.0,0.0,1.0,2.0
1493,15.0,18.0,1.0,1.0,1.0,2.0,2.0
1494,16.0,19.0,2.0,0.0,1.0,1.0,2.0
1495,11.0,13.0,2.0,2.0,0.0,1.0,1.0
1496,1.0,4.0,0.0,2.0,1.0,1.0,0.0
1497,1.0,4.0,0.0,1.0,1.0,1.0,2.0
1498,1.0,3.0,1.0,2.0,1.0,2.0,1.0
1499,1.0,3.0,0.0,1.0,1.0,2.0,2.0
1500,11.0,14.0,0.0,1.0,0.0,2.0,1.0
1501,6.0,8.0,1.0,1.0,0.0,1.0,0.0
1502,6.0,8.0,2.0,0.0,1.0,1.0,2.0
1503,11.0,14.0,0.0,1.0,0.0,1.0,2.0
1504,16.0,23.0,0.0,2.0,0.0,0.0,1.0
1505,21.0,23.0,2.0,1.0,0.0,1.0,2.0
1506,6.0,8.0,2.0,0.0,0.0,0.0,0.0
1507,0.0,4.0,0.0,0.0,1.0,1.0,2.0
1508,11.0,13.0,0.0,2.0,0.0,0.0,0.0
1509,1.0,3.0,2.0,2.0,0.0,1.0,0.0
1510,11.0,14.0,2.0,0.0,0.0,2.0,2.0
1511,1.0,3.0,1.0,1.0,1.0,2.0,2.0
1512,15.0,19.0,2.0,2.0,2.0,1.0,0.0
1513,0.0,4.0,2.0,1.0,0.0,0.0,2.0
1514,11.0,13.0,2.0,2.0,2.0,2.0,1.0
1515,1.0,3.0,1.0,2.0,0.0,2.0,1.0
1516,16.0,23.0,1.0,0.0,1.0,0.0,2.0
1517,6.0,9.0,0.0,0.0,2.0,2.0,2.0
1518,1.0,4.0,0.0,1.0,2.0,1.0,1.0
1519,16.0,19.0,0.0,0.0,0.0,2.0,1.0
1520,11.0,14.0,2.0,2.0,0.0,2.0,2.0
1521,1.0,4.0,2.0,1.0,2.0,1.0,1.0
1522,1.0,3.0,0.0,2.0,2.0,1.0,2.0
1523,1.0,3.0,0.0,2.0,1.0,2.0,2.0
1524,11.0,14.0,0.0,0.0,0.0,1.0,1.0
1525,16.0,18.0,0.0,0.0,1.0,2.0,0.0
1526,16.0,19.0,1.0,0.0,0.0,0.0,1.0
1527,20.0,23.0,2.0,2.0,2.0,2.0,0.0
1528,11.0,18.0,1.0,2.0,1.0,2.0,0.0
1529,11.0,13.0,0.0,1.0,1.0,2.0,2.0
1530,11.0,14.0,2.0,1.0,0.0,2.0,1.0
1531,11.0,14.0,2.0,1.0,0.0,0.0,2.0
1532,0.0,3.0,2.0,2.0,0.0,2.0,2.0
1533,16.0,18.0,0.0,1.0,1.0,0.0,0.0
1534,20.0,23.0,1.0,2.0,1.0,1.0,1.0
1535,16.0,23.0,0.0,0.0,2.0,0.0,2.0
1536,16.0,18.0,1.0,0.0,1.0,2.0,0.0
1537,1.0,3.0,0.0,2.0,0.0,0.0,2.0
1538,15.0,18.0,2.0,1.0,0.0,2.0,0.0
1539,16.0,18.0,2.0,2.0,1.0,0.0,1.0
1540,11.0,14.0,1.0,1.0,1.0,2.0,2.0
1541,6.0,9.0,2.0,2.0,1.0,1.0,0.0
1542,1.0,3.0,1.0,2.0,0.0,1.0,1.0
1543,16.0,18.0,2.0,2.0,2.0,2.0,0.0
1544,11.0,13.0,2.0,0.0,1.0,2.0,2.0
1545,11.0,14.0,0.0,2.0,0.0,2.0,0.0
1546,11.0,13.0,0.0,1.0,0.0,1.0,2.0
1547,15.0,23.0,2.0,0.0,0.0,1.0,0.0
1548,6.0,9.0,2.0,2.0,1.0,1.0,1.0
1549,16.0,23.0,1.0,0.0,1.0,0.0,0.0
1550,21.0,23.0,0.0,1.0,1.0,1.0,2.0
1551,11.0,14.0,1.0,0.0,1.0,2.0,0.0
1552,11.0,14.0,1.0,2.0,0.0,0.0,0.0
1553,16.0,19.0,1.0,2.0,0.0,0.0,0.0
1554,21.0,23.0,0.0,2.0,2.0,2.0,0.0
1555,6.0,9.0,1.0,2.0,1.0,2.0,2.0
1556,16.0,19.0,0.0,1.0,1.0,2.0,0.0
1557,16.0,18.0,0.0,0.0,2.0,2.0,0.0
1558,11.0,13.0,2.0,0.0,0.0,1.0,1.0
1559,16.0,19.0,1.0,1.0,2.0,0.0,2.0
1560,15.0,19.0,2.0,0.0,0.0,2.0,0.0
1561,6.0,9.0,2.0,1.0,1.0,1.0,0.0
1562,1.0,4.0,0.0,2.0,0.0,0.0,0.0
1563,16.0,18.0,0.0,2.0,2.0,2.0,2.0
1564,16.0,19.0,1.0,2.0,2.0,0.0,0.0
1565,16.0,18.0,0.0,2.0,0.0,0.0,1.0
1566,0.0,4.0,0.0,2.0,1.0,0.0,1.0
1567,6.0,8.0,2.0,2.0,0.0,2.0,2.0
1568,11.0,14.0,1.0,1.0,0.0,1.0,2.0
1569,1.0,4.0,2.0,0.0,1.0,1.0,0.0
1570,0.0,4.0,0.0,0.0,2.0,1.0,1.0
1571,11.0,13.0,1.0,1.0,2.0,2.0,0.0
1572,1.0,4.0,1.0,1.0,1.0,1.0,1.0
1573,11.0,18.0,0.0,0.0,2.0,2.0,1.0
1574,6.0,9.0,2.0,1.0,2.0,0.0,1.0
1575,6.0,9.0,0.0,2.0,0.0,1.0,2.0
1576,16.0,18.0,1.0,2.0,1.0,0.0,0.0
1577,1.0,3.0,2.0,0.0,1.0,2.0,0.0
1578,1.0,3.0,1.0,2.0,2.0,2.0,0.0
1579,16.0,23.0,1.0,1.0,2.0,0.0,0.0
1580,6.0,9.0,2.0,0.0,2.0,2.0,2.0
1581,6.0,8.0,2.0,1.0,1.0,0.0,1.0
1582,6.0,9.0,1.0,2.0,2.0,1.0,2.0
1583,16.0,23.0,2.0,0.0,1.0,1.0,2.0
1584,1.0,4.0,2.0,1.0,1.0,0.0,2.0
1585,1.0,3.0,1.0,2.0,1.0,2.0,2.0
1586,1.0,4.0,0.0,2.0,1.0,1.0,1.0
1587,5.0,4.0,1.0,0.0,1.0,1.0,0.0
1588,16.0,23.0,1.0,1.0,1.0,0.0,0.0
1589,11.0,13.0,0.0,1.0,0.0,1.0,0.0
1590,1.0,4.0,1.0,1.0,2.0,2.0,2.0
1591,1.0,4.0,2.0,2.0,1.0,1.0,0.0
1592,1.0,4.0,0.0,1.0,2.0,2.0,1.0
1593,16.0,19.0,0.0,2.0,0.0,0.0,1.0
1594,0.0,4.0,1.0,2.0,0.0,2.0,1.0
1595,15.0,19.0,1.0,2.0,2.0,2.0,2.0
1596,21.0,23.0,1.0,1.0,2.0,2.0,0.0
1597,0.0,4.0,2.0,0.0,1.0,2.0,2.0
1598,6.0,9.0,0.0,1.0,2.0,1.0,2.0
1599,16.0,19.0,2.0,1.0,0.0,2.0,2.0
1600,6.0,9.0,1.0,0.0,2.0,1.0,1.0
1601,16.0,23.0,0.0,1.0,1.0,2.0,1.0
1602,11.0,19.0,0.0,2.0,1.0,2.0,1.0
1603,11.0,13.0,1.0,1.0,0.0,2.0,0.0
1604,11.0,14.0,2.0,2.0,0.0,1.0,0.0
1605,16.0,18.0,1.0,1.0,2.0,1.0,1.0
1606,16.0,19.0,2.0,2.0,1.0,2.0,0.0
1607,5.0,9.0,0.0,0.0,2.0,1.0,0.0
1608,5.0,9.0,0.0,2.0,0.0,0.0,1.0
1609,1.0,4.0,2.0,0.0,1.0,1.0,1.0
1610,1.0,3.0,0.0,1.0,1.0,1.0,0.0
1611,11.0,14.0,1.0,2.0,0.0,2.0,2.0
1612,1.0,4.0,1.0,0.0,2.0,0.0,0.0
1613,1.0,3.0,1.0,1.0,2.0,1.0,0.0
1614,16.0,19.0,0.0,0.0,2.0,0.0,0.0
1615,15.0,19.0,1.0,1.0,2.0,0.0,1.0
1616,1.0,3.0,1.0,1.0,1.0,1.0,2.0
1617,1.0,4.0,2.0,2.0,0.0,2.0,2.0
1618,16.0,19.0,2.0,1.0,1.0,0.0,2.0
1619,11.0,18.0,1.0,2.0,0.0,2.0,2.0
1620,16.0,19.0,2.0,1.0,2.0,0.0,1.0
1621,6.0,8.0,1.0,2.0,2.0,1.0,0.0
1622,0.0,3.0,2.0,2.0,2.0,0.0,0.0
1623,11.0,13.0,1.0,2.0,0.0,1.0,2.0
1624,11.0,14.0,0.0,2.0,1.0,2.0,1.0
1625,6.0,9.0,1.0,1.0,2.0,1.0,2.0
1626,1.0,3.0,0.0,1.0,1.0,2.0,1.0
1627,11.0,14.0,1.0,1.0,0.0,0.0,1.0
1628,21.0,23.0,1.0,1.0,0.0,1.0,0.0
1629,15.0,23.0,1.0,0.0,1.0,2.0,1.0
1630,6.0,9.0,2.0,1.0,1.0,2.0,0.0
1631,21.0,23.0,2.0,2.0,2.0,1.0,2.0
1632,0.0,4.0,2.0,2.0,1.0,0.0,0.0
1633,20.0,23.0,1.0,0.0,1.0,2.0,0.0
1634,11.0,14.0,1.0,1.0,1.0,1.0,1.0
1635,21.0,23.0,1.0,2.0,1.0,0.0,0.0
1636,21.0,23.0,2.0,1.0,2.0,1.0,0.0
1637,0.0,3.0,0.0,2.0,2.0,1.0,1.0
1638,15.0,18.0,1.0,1.0,2.0,1.0,2.0
1639,6.0,8.0,2.0,2.0,1.0,0.0,1.0
1640,16.0,18.0,2.0,0.0,0.0,1.0,1.0
1641,20.0,23.0,2.0,2.0,1.0,0.0,1.0
1642,11.0,13.0,2.0,2.0,0.0,1.0,2.0
1643,15.0,19.0,2.0,0.0,1.0,1.0,1.0
1644,1.0,3.0,0.0,0.0,0.0,1.0,1.0
1645,15.0,19.0,0.0,0.0,2.0,1.0,1.0
1646,6.0,8.0,1.0,0.0,2.0,2.0,0.0
1647,15.0,19.0,1.0,2.0,2.0,1.0,0.0
1648,6.0,8.0,2.0,1.0,2.0,2.0,1.0
1649,16.0,19.0,0.0,0.0,1.0,2.0,2.0
1650,1.0,4.0,1.0,2.0,1.0,1.0,2.0
1651,0.0,4.0,2.0,1.0,0.0,1.0,0.0
1652,16.0,18.0,1.0,1.0,0.0,2.0,1.0
1653,6.0,8.0,0.0,0.0,1.0,2.0,2.0
1654,1.0,4.0,1.0,1.0,1.0,1.0,0.0
1655,5.0,8.0,2.0,0.0,0.0,1.0,0.0
1656,11.0,13.0,1.0,2.0,0.0,1.0,1.0
1657,16.0,23.0,2.0,2.0,1.0,0.0,2.0
1658,16.0,19.0,0.0,0.0,1.0,0.0,2.0
1659,16.0,18.0,0.0,1.0,2.0,0.0,1.0
1660,6.0,9.0,0.0,0.0,0.0,1.0,2.0
1661,15.0,23.0,2.0,2.0,1.0,0.0,2.0
1662,11.0,13.0,0.0,1.0,0.0,0.0,0.0
1663,1.0,4.0,1.0,1.0,1.0,1.0,2.0
1664,0.0,3.0,1.0,0.0,2.0,1.0,2.0
1665,1.0,4.0,0.0,2.0,0.0,0.0,1.0
1666,1.0,4.0,1.0,1.0,2.0,2.0,0.0
1667,6.0,9.0,1.0,1.0,0.0,2.0,1.0
1668,6.0,8.0,0.0,0.0,2.0,0.0,0.0
1669,5.0,9.0,2.0,0.0,1.0,1.0,1.0
1670,5.0,4.0,1.0,2.0,2.0,1.0,2.0
1671,11.0,14.0,0.0,1.0,0.0,0.0,2.0
1672,1.0,3.0,0.0,2.0,0.0,1.0,1.0
1673,5.0,9.0,2.0,1.0,1.0,2.0,1.0
1674,11.0,14.0,1.0,2.0,0.0,0.0,1.0
1675,21.0,23.0,2.0,2.0,2.0,1.0,0.0
1676,11.0,13.0,2.0,1.0,1.0,1.0,2.0
1677,11.0,14.0,1.0,2.0,2.0,2.0,2.0
1678,15.0,19.0,2.0,2.0,1.0,1.0,1.0
1679,21.0,23.0,1.0,1.0,0.0,2.0,0.0
1680,6.0,8.0,0.0,0.0,0.0,1.0,0.0
1681,21.0,23.0,2.0,2.0,1.0,1.0,1.0
1682,1.0,4.0,0.0,2.0,2.0,1.0,2.0
1683,11.0,19.0,0.0,2.0,1.0,2.0,2.0
1684,1.0,3.0,0.0,2.0,2.0,2.0,0.0
1685,16.0,19.0,2.0,0.0,1.0,0.0,2.0
1686,1.0,3.0,0.0,2.0,1.0,1.0,1.0
1687,11.0,14.0,2.0,1.0,0.0,1.0,0.0
1688,6.0,8.0,0.0,0.0,1.0,1.0,2.0
1689,6.0,9.0,1.0,0.0,2.0,0.0,2.0
1690,21.0,23.0,2.0,1.0,1.0,2.0,1.0
1691,0.0,3.0,2.0,1.0,0.0,1.0,1.0
1692,16.0,19.0,0.0,2.0,1.0,1.0,0.0
1693,15.0,18.0,0.0,2.0,1.0,1.0,0.0
1694,5.0,8.0,2.0,1.0,1.0,1.0,1.0
1695,16.0,19.0,0.0,1.0,0.0,0.0,1.0
1696,15.0,23.0,2.0,2.0,1.0,2.0,2.0
1697,16.0,18.0,1.0,0.0,1.0,0.0,2.0
1698,6.0,8.0,2.0,1.0,2.0,1.0,1.0
1699,11.0,14.0,2.0,1.0,1.0,1.0,2.0
1700,1.0,3.0,2.0,1.0,1.0,2.0,2.0
1701,15.0,19.0,0.0,1.0,2.0,1.0,0.0
1702,16.0,23.0,1.0,2.0,1.0,2.0,2.0
1703,15.0,19.0,0.0,0.0,2.0,1.0,2.0
1704,11.0,13.0,2.0,1.0,1.0,2.0,1.0
1705,1.0,3.0,2.0,2.0,1.0,0.0,1.0
1706,1.0,4.0,0.0,2.0,2.0,2.0,2.0
1707,15.0,23.0,2.0,2.0,0.0,2.0,0.0
1708,6.0,9.0,0.0,2.0,2.0,0.0,0.0
1709,11.0,14.0,0.0,2.0,0.0,1.0,2.0
1710,1.0,4.0,1.0,2.0,1.0,2.0,2.0
1711,11.0,14.0,2.0,2.0,0.0,0.0,1.0
1712,16.0,18.0,2.0,0.0,1.0,1.0,2.0
1713,6.0,9.0,1.0,2.0,0.0,0.0,2.0
1714,21.0,23.0,2.0,1.0,0.0,2.0,0.0
1715,11.0,13.0,2.0,2.0,0.0,0.0,0.0
1716,16.0,18.0,0.0,0.0,2.0,0.0,2.0
1717,16.0,19.0,1.0,0.0,2.0,0.0,0.0
1718,11.0,13.0,0.0,0.0,0.0,0.0,2.0
1719,16.0,18.0,1.0,2.0,1.0,2.0,2.0
1720,11.0,13.0,2.0,0.0,0.0,1.0,2.0
1721,16.0,18.0,0.0,2.0,0.0,2.0,1.0
1722,0.0,4.0,0.0,0.0,1.0,2.0,0.0
1723,15.0,18.0,0.0,2.0,2.0,1.0,2.0
1724,16.0,18.0,0.0,2.0,1.0,0.0,2.0
1725,11.0,13.0,2.0,1.0,0.0,0.0,2.0
1726,1.0,4.0,2.0,0.0,2.0,0.0,2.0
1727,11.0,13.0,2.0,0.0,2.0,2.0,1.0
1728,16.0,23.0,0.0,2.0,2.0,2.0,0.0
1729,1.0,4.0,2.0,2.0,1.0,2.0,2.0
1730,16.0,19.0,0.0,2.0,2.0,2.0,0.0
1731,0.0,3.0,2.0,2.0,1.0,1.0,1.0
1732,16.0,18.0,0.0,0.0,2.0,0.0,1.0
1733,21.0,23.0,0.0,2.0,2.0,0.0,2.0
1734,1.0,4.0,0.0,0.0,0.0,0.0,1.0
1735,21.0,23.0,1.0,2.0,2.0,0.0,1.0
1736,1.0,4.0,1.0,1.0,0.0,2.0,2.0
1737,1.0,4.0,0.0,1.0,2.0,1.0,2.0
1738,6.0,9.0,1.0,0.0,2.0,0.0,0.0
1739,11.0,13.0,0.0,0.0,0.0,0.0,1.0
1740,15.0,23.0,1.0,2.0,2.0,0.0,0.0
1741,16.0,19.0,2.0,0.0,0.0,0.0,1.0
1742,11.0,14.0,2.0,2.0,0.0,0.0,0.0
1743,1.0,4.0,1.0,1.0,1.0,2.0,2.0
1744,16.0,18.0,0.0,0.0,1.0,1.0,1.0
1745,16.0,19.0,1.0,2.0,1.0,0.0,1.0
1746,0.0,3.0,1.0,0.0,1.0,1.0,2.0
1747,15.0,18.0,2.0,2.0,2.0,0.0,0.0
1748,11.0,13.0,1.0,1.0,0.0,1.0,2.0
1749,0.0,3.0,2.0,2.0,1.0,0.0,2.0
1750,6.0,8.0,0.0,0.0,2.0,1.0,0.0
1751,16.0,18.0,2.0,2.0,0.0,0.0,2.0
1752,11.0,13.0,0.0,0.0,0.0,1.0,0.0
1753,16.0,18.0,2.0,0.0,2.0,0.0,1.0
1754,0.0,3.0,1.0,0.0,1.0,2.0,0.0
1755,16.0,23.0,2.0,2.0,1.0,2.0,0.0
1756,5.0,9.0,1.0,2.0,0.0,1.0,1.0
1757,16.0,18.0,2.0,1.0,1.0,2.0,1.0
1758,15.0,18.0,1.0,2.0,0.0,0.0,1.0
1759,11.0,14.0,2.0,2.0,0.0,1.0,1.0
1760,11.0,14.0,0.0,2.0,0.0,1.0,2.0
1761,1.0,3.0,0.0,1.0,2.0,2.0,2.0
1762,5.0,4.0,0.0,2.0,2.0,0.0,1.0
1763,16.0,18.0,2.0,1.0,2.0,0.0,2.0
1764,16.0,19.0,2.0,0.0,0.0,0.0,2.0
1765,11.0,18.0,1.0,1.0,1.0,2.0,1.0
1766,15.0,19.0,1.0,1.0,1.0,0.0,1.0
1767,5.0,4.0,1.0,0.0,0.0,1.0,1.0
1768,11.0,13.0,2.0,0.0,0.0,1.0,2.0
1769,6.0,8.0,2.0,0.0,2.0,1.0,0.0
1770,11.0,14.0,2.0,2.0,0.0,0.0,2.0
1771,16.0,23.0,2.0,2.0,1.0,0.0,2.0
1772,21.0,23.0,1.0,2.0,2.0,1.0,0.0
1773,0.0,3.0,0.0,1.0,1.0,1.0,1.0
1774,6.0,8.0,2.0,0.0,1.0,1.0,1.0
1775,6.0,4.0,2.0,1.0,2.0,1.0,1.0
1776,6.0,8.0,2.0,0.0,1.0,2.0,1.0
1777,16.0,18.0,0.0,0.0,1.0,0.0,1.0
1778,16.0,18.0,1.0,1.0,1.0,0.0,2.0
1779,11.0,13.0,1.0,2.0,0.0,0.0,1.0
1780,6.0,9.0,2.0,0.0,1.0,1.0,2.0
1781,16.0,23.0,2.0,0.0,0.0,2.0,2.0
1782,1.0,3.0,0.0,2.0,2.0,0.0,0.0
1783,5.0,4.0,2.0,2.0,2.0,2.0,0.0
1784,0.0,3.0,1.0,0.0,2.0,0.0,2.0
1785,6.0,8.0,0.0,0.0,1.0,1.0,2.0
1786,6.0,9.0,1.0,0.0,2.0,2.0,2.0
1787,1.0,3.0,0.0,2.0,1.0,1.0,0.0
1788,6.0,9.0,2.0,0.0,1.0,0.0,1.0
1789,15.0,18.0,2.0,1.0,1.0,0.0,2.0
1790,6.0,9.0,2.0,0.0,2.0,2.0,2.0
1791,21.0,23.0,2.0,2.0,0.0,1.0,0.0
1792,16.0,18.0,1.0,1.0,2.0,0.0,2.0
1793,16.0,19.0,2.0,0.0,1.0,0.0,1.0
1794,11.0,23.0,0.0,2.0,1.0,2.0,2.0
1795,6.0,8.0,1.0,0.0,0.0,0.0,1.0
1796,6.0,9.0,2.0,0.0,2.0,1.0,1.0
1797,5.0,3.0,0.0,1.0,1.0,0.0,0.0
1798,6.0,8.0,1.0,0.0,0.0,2.0,2.0
1799,1.0,4.0,0.0,2.0,0.0,0.0,0.0
1800,6.0,9.0,2.0,0.0,0.0,1.0,1.0
1801,16.0,18.0,2.0,1.0,1.0,0.0,2.0
1802,6.0,9.0,1.0,0.0,1.0,2.0,2.0
1803,11.0,13.0,2.0,2.0,0.0,2.0,2.0
1804,11.0,14.0,2.0,0.0,0.0,0.0,0.0
1805,11.0,14.0,0.0,1.0,0.0,2.0,1.0
1806,6.0,4.0,0.0,1.0,1.0,2.0,1.0
1807,1.0,3.0,0.0,0.0,1.0,1.0,1.0
1808,6.0,8.0,2.0,0.0,0.0,2.0,2.0
1809,6.0,3.0,2.0,1.0,1.0,2.0,1.0
1810,1.0,3.0,0.0,1.0,0.0,0.0,1.0
1811,16.0,18.0,2.0,1.0,0.0,0.0,1.0
1812,16.0,23.0,1.0,0.0,1.0,2.0,2.0
1813,11.0,8.0,2.0,2.0,1.0,2.0,0.0
1814,11.0,14.0,1.0,1.0,0.0,1.0,0.0
1815,6.0,8.0,1.0,0.0,1.0,1.0,2.0
1816,16.0,19.0,1.0,2.0,2.0,0.0,2.0
1817,15.0,18.0,1.0,0.0,1.0,1.0,2.0
1818,16.0,18.0,2.0,2.0,1.0,0.0,1.0
1819,6.0,9.0,1.0,0.0,0.0,1.0,0.0
1820,6.0,3.0,1.0,1.0,1.0,2.0,0.0
1821,11.0,13.0,0.0,1.0,0.0,1.0,1.0
1822,0.0,4.0,1.0,2.0,0.0,0.0,0.0
1823,6.0,8.0,2.0,0.0,2.0,0.0,1.0
1824,11.0,13.0,1.0,1.0,0.0,1.0,1.0
1825,5.0,3.0,1.0,2.0,0.0,2.0,2.0
1826,1.0,3.0,0.0,1.0,1.0,0.0,1.0
1827,6.0,4.0,0.0,1.0,0.0,1.0,1.0
1828,5.0,9.0,2.0,0.0,1.0,1.0,1.0
1829,15.0,18.0,2.0,2.0,2.0,2.0,2.0
1830,0.0,4.0,1.0,1.0,0.0,0.0,2.0
1831,11.0,14.0,0.0,1.0,0.0,1.0,1.0
1832,11.0,13.0,2.0,0.0,0.0,1.0,1.0
1833,20.0,23.0,0.0,2.0,2.0,2.0,0.0
1834,6.0,9.0,1.0,0.0,2.0,1.0,0.0
1835,16.0,18.0,1.0,1.0,1.0,0.0,1.0
1836,6.0,3.0,1.0,1.0,1.0,2.0,1.0
1837,1.0,3.0,0.0,2.0,1.0,2.0,1.0
1838,6.0,8.0,1.0,0.0,1.0,1.0,0.0
1839,16.0,18.0,2.0,2.0,0.0,0.0,1.0
1840,1.0,3.0,0.0,1.0,1.0,2.0,0.0
1841,11.0,13.0,2.0,1.0,0.0,1.0,0.0
1842,16.0,18.0,1.0,0.0,2.0,0.0,1.0
1843,6.0,8.0,0.0,0.0,0.0,1.0,0.0
1844,1.0,3.0,0.0,1.0,2.0,1.0,2.0
1845,16.0,18.0,1.0,2.0,1.0,0.0,0.0
1846,11.0,9.0,1.0,2.0,2.0,1.0,2.0
1847,21.0,23.0,2.0,1.0,2.0,1.0,0.0
1848,6.0,4.0,0.0,1.0,1.0,2.0,0.0
1849,6.0,4.0,1.0,1.0,1.0,2.0,1.0
1850,11.0,8.0,1.0,2.0,0.0,2.0,0.0
1851,11.0,14.0,2.0,1.0,0.0,1.0,1.0
1852,16.0,19.0,1.0,1.0,2.0,0.0,2.0
1853,6.0,9.0,2.0,0.0,0.0,2.0,2.0
1854,11.0,14.0,1.0,0.0,0.0,1.0,2.0
1855,1.0,3.0,0.0,1.0,1.0,2.0,2.0
1856,6.0,3.0,2.0,1.0,2.0,1.0,2.0
1857,16.0,19.0,0.0,1.0,0.0,0.0,1.0
1858,6.0,3.0,2.0,2.0,1.0,1.0,1.0
1859,6.0,8.0,2.0,0.0,2.0,2.0,0.0
1860,11.0,13.0,0.0,1.0,0.0,1.0,2.0
1861,1.0,3.0,0.0,2.0,2.0,2.0,2.0
1862,6.0,9.0,1.0,0.0,1.0,2.0,0.0
1863,11.0,14.0,0.0,2.0,0.0,1.0,1.0
1864,1.0,3.0,0.0,1.0,1.0,1.0,1.0
1865,16.0,19.0,0.0,0.0,1.0,0.0,1.0
1866,5.0,8.0,0.0,1.0,1.0,1.0,0.0
1867,6.0,9.0,2.0,0.0,1.0,1.0,1.0
1868,6.0,8.0,2.0,0.0,0.0,2.0,1.0
1869,6.0,4.0,2.0,1.0,1.0,1.0,0.0
1870,6.0,3.0,2.0,1.0,1.0,1.0,0.0
1871,1.0,3.0,0.0,2.0,1.0,1.0,1.0
1872,15.0,19.0,0.0,2.0,1.0,0.0,1.0
1873,1.0,4.0,0.0,0.0,0.0,1.0,0.0
1874,11.0,14.0,1.0,0.0,0.0,0.0,1.0
1875,1.0,3.0,0.0,1.0,1.0,2.0,1.0
1876,11.0,14.0,2.0,1.0,0.0,1.0,2.0
1877,16.0,19.0,2.0,1.0,0.0,0.0,2.0
1878,6.0,9.0,2.0,0.0,2.0,0.0,1.0
1879,6.0,4.0,1.0,1.0,2.0,0.0,1.0
1880,11.0,8.0,2.0,2.0,2.0,2.0,2.0
1881,21.0,23.0,1.0,1.0,2.0,1.0,0.0
1882,15.0,19.0,2.0,2.0,1.0,2.0,0.0
1883,16.0,18.0,2.0,1.0,1.0,0.0,1.0
1884,11.0,4.0,2.0,2.0,1.0,1.0,2.0
1885,11.0,13.0,1.0,2.0,0.0,0.0,2.0
1886,16.0,18.0,2.0,2.0,1.0,0.0,2.0
1887,6.0,4.0,2.0,0.0,1.0,2.0,1.0
1888,11.0,23.0,1.0,1.0,1.0,2.0,2.0
1889,6.0,4.0,2.0,2.0,2.0,1.0,1.0
1890,16.0,19.0,1.0,0.0,2.0,0.0,2.0
1891,6.0,3.0,2.0,2.0,0.0,1.0,2.0
1892,5.0,3.0,1.0,1.0,0.0,2.0,1.0
1893,5.0,3.0,1.0,2.0,2.0,1.0,2.0
1894,11.0,14.0,2.0,2.0,0.0,2.0,2.0
1895,11.0,13.0,2.0,1.0,0.0,2.0,1.0
1896,15.0,19.0,0.0,0.0,2.0,1.0,0.0
1897,1.0,3.0,0.0,2.0,0.0,0.0,1.0
1898,15.0,23.0,1.0,0.0,0.0,2.0,2.0
1899,6.0,8.0,1.0,0.0,2.0,1.0,1.0
1900,16.0,19.0,1.0,2.0,2.0,0.0,1.0
1901,1.0,4.0,0.0,2.0,2.0,2.0,2.0
1902,1.0,4.0,0.0,2.0,1.0,2.0,0.0
1903,11.0,13.0,1.0,1.0,0.0,1.0,2.0
1904,16.0,23.0,1.0,0.0,1.0,1.0,1.0
1905,6.0,4.0,1.0,2.0,2.0,1.0,2.0
1906,11.0,13.0,1.0,0.0,0.0,2.0,0.0
1907,6.0,9.0,2.0,0.0,0.0,2.0,1.0
1908,11.0,13.0,0.0,2.0,0.0,1.0,2.0
1909,5.0,9.0,2.0,0.0,1.0,0.0,0.0
1910,21.0,23.0,0.0,2.0,1.0,2.0,0.0
1911,20.0,23.0,0.0,2.0,2.0,2.0,1.0
1912,5.0,3.0,2.0,2.0,0.0,1.0,2.0
1913,16.0,23.0,1.0,1.0,2.0,0.0,1.0
1914,15.0,18.0,2.0,2.0,0.0,1.0,1.0
1915,6.0,9.0,2.0,0.0,0.0,1.0,0.0
1916,16.0,19.0,0.0,1.0,2.0,0.0,2.0
1917,16.0,18.0,1.0,1.0,2.0,0.0,1.0
1918,1.0,3.0,0.0,1.0,2.0,1.0,1.0
1919,11.0,14.0,0.0,0.0,0.0,1.0,1.0
1920,16.0,23.0,0.0,2.0,2.0,1.0,0.0
1921,11.0,14.0,1.0,0.0,0.0,2.0,0.0
1922,6.0,9.0,1.0,0.0,0.0,0.0,1.0
1923,16.0,19.0,1.0,1.0,0.0,0.0,2.0
1924,6.0,8.0,0.0,0.0,0.0,0.0,1.0
1925,11.0,18.0,0.0,1.0,1.0,2.0,2.0
1926,15.0,23.0,2.0,2.0,1.0,2.0,1.0
1927,16.0,18.0,2.0,2.0,1.0,0.0,0.0
1928,11.0,14.0,1.0,2.0,0.0,1.0,1.0
1929,5.0,3.0,0.0,1.0,1.0,2.0,0.0
1930,11.0,13.0,0.0,0.0,0.0,0.0,0.0
1931,11.0,9.0,1.0,1.0,1.0,0.0,1.0
1932,0.0,3.0,2.0,2.0,0.0,0.0,1.0
1933,6.0,8.0,2.0,0.0,2.0,2.0,2.0
1934,16.0,18.0,0.0,1.0,2.0,0.0,0.0
1935,6.0,8.0,2.0,0.0,2.0,2.0,1.0
1936,6.0,8.0,2.0,0.0,1.0,2.0,2.0
1937,1.0,3.0,0.0,2.0,1.0,0.0,2.0
1938,11.0,13.0,1.0,2.0,0.0,1.0,2.0
1939,11.0,8.0,0.0,2.0,1.0,0.0,0.0
1940,1.0,4.0,0.0,2.0,2.0,1.0,1.0
1941,11.0,13.0,1.0,0.0,0.0,2.0,2.0
1942,1.0,3.0,0.0,1.0,0.0,1.0,1.0
1943,5.0,3.0,2.0,0.0,0.0,1.0,0.0
1944,21.0,23.0,1.0,2.0,0.0,1.0,0.0
1945,11.0,13.0,2.0,1.0,0.0,0.0,0.0
1946,6.0,8.0,2.0,0.0,2.0,1.0,1.0
1947,16.0,19.0,2.0,2.0,2.0,0.0,1.0
1948,15.0,23.0,1.0,1.0,1.0,2.0,1.0
1949,1.0,4.0,0.0,0.0,1.0,2.0,2.0
1950,21.0,23.0,2.0,2.0,1.0,1.0,0.0
1951,6.0,3.0,0.0,1.0,1.0,1.0,0.0
1952,16.0,23.0,2.0,1.0,1.0,1.0,1.0
1953,21.0,23.0,2.0,2.0,2.0,2.0,0.0
1954,5.0,8.0,2.0,1.0,0.0,2.0,2.0
1955,0.0,4.0,1.0,2.0,2.0,1.0,0.0
1956,6.0,8.0,0.0,0.0,1.0,2.0,1.0
1957,6.0,4.0,1.0,0.0,1.0,1.0,0.0
1958,20.0,23.0,0.0,0.0,1.0,2.0,0.0
1959,20.0,23.0,1.0,1.0,2.0,1.0,1.0
1960,1.0,3.0,0.0,0.0,1.0,1.0,2.0
1961,0.0,4.0,0.0,2.0,1.0,1.0,0.0
1962,0.0,4.0,1.0,1.0,0.0,1.0,1.0
1963,16.0,18.0,2.0,1.0,0.0,0.0,0.0
1964,5.0,8.0,0.0,0.0,2.0,1.0,1.0
1965,11.0,14.0,1.0,2.0,0.0,2.0,1.0
1966,1.0,4.0,0.0,1.0,0.0,2.0,0.0
1967,16.0,23.0,2.0,2.0,1.0,1.0,2.0
1968,5.0,4.0,2.0,2.0,0.0,1.0,2.0
1969,5.0,3.0,0.0,2.0,0.0,0.0,1.0
1970,15.0,19.0,2.0,0.0,0.0,0.0,1.0
1971,0.0,3.0,0.0,0.0,0.0,2.0,1.0
1972,16.0,18.0,1.0,2.0,2.0,0.0,0.0
1973,11.0,14.0,1.0,1.0,0.0,2.0,2.0
1974,16.0,19.0,1.0,0.0,1.0,0.0,1.0
1975,16.0,23.0,0.0,2.0,2.0,1.0,1.0
1976,6.0,3.0,2.0,1.0,1.0,0.0,0.0
1977,6.0,3.0,0.0,1.0,2.0,2.0,1.0
1978,11.0,4.0,1.0,2.0,2.0,2.0,1.0
1979,11.0,14.0,2.0,1.0,0.0,2.0,1.0
1980,6.0,9.0,1.0,0.0,1.0,1.0,1.0
1981,11.0,13.0,2.0,0.0,0.0,2.0,1.0
1982,6.0,8.0,0.0,0.0,2.0,2.0,1.0
1983,1.0,4.0,0.0,1.0,2.0,1.0,1.0
1984,16.0,23.0,1.0,0.0,1.0,0.0,0.0
1985,11.0,14.0,2.0,1.0,0.0,0.0,2.0
1986,1.0,4.0,0.0,2.0,1.0,0.0,2.0
1987,0.0,3.0,1.0,2.0,2.0,0.0,2.0
1988,15.0,23.0,2.0,0.0,0.0,0.0,0.0
1989,16.0,19.0,1.0,1.0,1.0,0.0,1.0
1990,6.0,4.0,2.0,2.0,2.0,0.0,0.0
1991,6.0,8.0,2.0,0.0,2.0,1.0,2.0
1992,16.0,23.0,1.0,2.0,2.0,1.0,1.0
1993,6.0,9.0,0.0,0.0,2.0,2.0,1.0
1994,16.0,18.0,2.0,2.0,2.0,0.0,0.0
1995,21.0,23.0,0.0,2.0,1.0,1.0,0.0
1996,21.0,23.0,2.0,1.0,1.0,2.0,0.0
1997,11.0,14.0,2.0,2.0,0.0,2.0,0.0
1998,6.0,9.0,0.0,0.0,2.0,0.0,2.0
1999,11.0,14.0,1.0,0.0,0.0,0.0,0.0
2000,1.0,3.0,0.0,2.0,0.0,1.0,1.0
2001,11.0,13.0,2.0,1.0,0.0,1.0,1.0
2002,16.0,19.0,0.0,1.0,1.0,0.0,1.0
2003,16.0,23.0,1.0,1.0,0.0,2.0,1.0
2004,1.0,4.0,0.0,2.0,1.0,2.0,1.0
2005,11.0,13.0,0.0,0.0,0.0,0.0,1.0
2006,20.0,23.0,1.0,1.0,0.0,0.0,1.0
2007,21.0,23.0,0.0,1.0,0.0,1.0,0.0
2008,6.0,3.0,2.0,0.0,0.0,2.0,1.0
2009,0.0,3.0,1.0,2.0,2.0,2.0,2.0
2010,6.0,9.0,1.0,0.0,0.0,2.0,0.0
2011,6.0,8.0,1.0,0.0,0.0,1.0,2.0
2012,6.0,9.0,1.0,0.0,1.0,1.0,0.0
2013,11.0,3.0,2.0,2.0,1.0,1.0,1.0
2014,6.0,8.0,2.0,0.0,1.0,0.0,1.0
2015,16.0,18.0,2.0,2.0,0.0,0.0,2.0
2016,11.0,13.0,2.0,2.0,0.0,0.0,0.0
2017,16.0,23.0,2.0,0.0,1.0,1.0,2.0
2018,6.0,8.0,0.0,0.0,1.0,2.0,0.0
2019,20.0,23.0,1.0,2.0,2.0,2.0,0.0
2020,1.0,4.0,0.0,1.0,1.0,1.0,1.0
2021,21.0,23.0,1.0,2.0,1.0,0.0,0.0
2022,6.0,3.0,1.0,1.0,0.0,1.0,0.0
2023,6.0,8.0,2.0,0.0,0.0,1.0,1.0
2024,16.0,23.0,1.0,1.0,2.0,2.0,2.0
2025,0.0,4.0,0.0,1.0,1.0,2.0,1.0
2026,6.0,9.0,0.0,0.0,1.0,2.0,0.0
2027,6.0,8.0,1.0,0.0,2.0,2.0,2.0
2028,1.0,4.0,0.0,0.0,1.0,1.0,1.0
2029,16.0,19.0,2.0,1.0,1.0,0.0,1.0
2030,21.0,23.0,0.0,2.0,2.0,1.0,0.0
2031,6.0,3.0,2.0,1.0,2.0,2.0,1.0
2032,6.0,3.0,2.0,1.0,0.0,2.0,0.0
2033,16.0,19.0,2.0,1.0,2.0,0.0,2.0
2034,5.0,3.0,1.0,1.0,2.0,0.0,0.0
2035,1.0,3.0,0.0,0.0,2.0,0.0,2.0
2036,11.0,14.0,2.0,2.0,0.0,2.0,1.0
2037,11.0,13.0,1.0,1.0,0.0,0.0,1.0
2038,16.0,18.0,1.0,1.0,0.0,0.0,2.0
2039,1.0,3.0,0.0,1.0,2.0,2.0,1.0
2040,11.0,14.0,1.0,1.0,0.0,1.0,1.0
2041,16.0,18.0,2.0,2.0,2.0,0.0,1.0
2042,21.0,23.0,2.0,2.0,1.0,2.0,0.0
2043,15.0,18.0,2.0,2.0,1.0,0.0,0.0
2044,16.0,18.0,0.0,2.0,1.0,0.0,2.0
2045,11.0,4.0,2.0,2.0,2.0,1.0,0.0
2046,11.0,13.0,2.0,0.0,0.0,2.0,2.0
2047,1.0,3.0,0.0,2.0,1.0,2.0,0.0
2048,6.0,9.0,1.0,0.0,2.0,1.0,1.0
2049,15.0,23.0,1.0,0.0,2.0,0.0,0.0
2050,1.0,3.0,0.0,2.0,2.0,1.0,0.0
2051,5.0,8.0,0.0,2.0,0.0,2.0,1.0
2052,0.0,3.0,2.0,0.0,2.0,2.0,2.0
2053,20.0,23.0,2.0,0.0,1.0,0.0,2.0
2054,6.0,9.0,0.0,0.0,2.0,1.0,1.0
2055,21.0,23.0,0.0,1.0,1.0,1.0,0.0
2056,6.0,4.0,2.0,0.0,0.0,2.0,2.0
2057,16.0,19.0,0.0,0.0,0.0,0.0,2.0
2058,6.0,3.0,2.0,1.0,1.0,1.0,2.0
2059,16.0,23.0,2.0,1.0,0.0,0.0,0.0
2060,15.0,23.0,2.0,2.0,0.0,2.0,1.0
2061,11.0,13.0,0.0,2.0,0.0,2.0,2.0
2062,6.0,9.0,2.0,0.0,1.0,1.0,0.0
2063,16.0,19.0,2.0,1.0,1.0,0.0,2.0
2064,16.0,18.0,1.0,0.0,1.0,0.0,1.0
2065,16.0,23.0,2.0,1.0,2.0,0.0,2.0
2066,6.0,9.0,2.0,0.0,2.0,0.0,0.0
2067,16.0,18.0,1.0,1.0,2.0,0.0,0.0
2068,16.0,18.0,0.0,1.0,2.0,0.0,2.0
2069,0.0,4.0,2.0,2.0,0.0,2.0,2.0
2070,6.0,4.0,2.0,1.0,1.0,0.0,1.0
2071,21.0,23.0,0.0,0.0,0.0,0.0,0.0
2072,6.0,9.0,0.0,0.0,0.0,2.0,1.0
2073,11.0,13.0,1.0,0.0,0.0,0.0,1.0
2074,21.0,23.0,0.0,2.0,0.0,1.0,0.0
2075,16.0,19.0,2.0,2.0,2.0,0.0,0.0
2076,11.0,13.0,2.0,1.0,0.0,0.0,2.0
2077,11.0,13.0,1.0,0.0,0.0,2.0,1.0
2078,16.0,18.0,0.0,1.0,1.0,0.0,0.0
2079,11.0,13.0,2.0,2.0,0.0,2.0,0.0
2080,11.0,14.0,0.0,1.0,0.0,1.0,2.0
2081,16.0,19.0,2.0,1.0,0.0,0.0,1.0
2082,5.0,9.0,2.0,2.0,1.0,2.0,2.0
2083,6.0,8.0,0.0,0.0,0.0,2.0,1.0
2084,1.0,3.0,0.0,2.0,1.0,2.0,2.0
2085,11.0,14.0,0.0,1.0,0.0,1.0,0.0
2086,1.0,3.0,0.0,2.0,2.0,1.0,1.0
2087,21.0,23.0,1.0,1.0,2.0,0.0,0.0
2088,1.0,4.0,0.0,0.0,2.0,1.0,1.0
2089,16.0,18.0,0.0,1.0,1.0,0.0,2.0
2090,16.0,18.0,0.0,2.0,1.0,0.0,1.0
2091,16.0,23.0,1.0,0.0,1.0,0.0,2.0
2092,5.0,9.0,0.0,0.0,0.0,1.0,2.0
2093,6.0,3.0,1.0,2.0,2.0,2.0,2.0
2094,11.0,13.0,2.0,1.0,0.0,1.0,2.0
2095,6.0,8.0,1.0,0.0,0.0,1.0,1.0
2096,6.0,3.0,2.0,2.0,0.0,1.0,0.0
2097,11.0,8.0,1.0,1.0,2.0,2.0,2.0
2098,16.0,18.0,2.0,0.0,0.0,0.0,2.0
2099,11.0,19.0,2.0,1.0,1.0,2.0,1.0
2100,11.0,9.0,2.0,1.0,2.0,1.0,1.0
2101,6.0,8.0,1.0,0.0,0.0,0.0,0.0
2102,1.0,3.0,0.0,2.0,0.0,2.0,1.0
2103,21.0,23.0,2.0,1.0,1.0,0.0,0.0
2104,5.0,9.0,2.0,2.0,2.0,1.0,0.0
2105,5.0,4.0,1.0,1.0,2.0,2.0,2.0
2106,11.0,13.0,0.0,2.0,0.0,0.0,1.0
2107,16.0,19.0,0.0,0.0,1.0,0.0,2.0
2108,5.0,9.0,2.0,1.0,2.0,0.0,2.0
2109,11.0,14.0,0.0,1.0,0.0,0.0,2.0
2110,16.0,18.0,0.0,2.0,0.0,0.0,2.0
2111,5.0,8.0,1.0,0.0,2.0,0.0,1.0
2112,5.0,4.0,1.0,0.0,2.0,0.0,2.0
2113,1.0,4.0,0.0,0.0,1.0,0.0,1.0
2114,1.0,4.0,0.0,1.0,2.0,0.0,1.0
2115,11.0,8.0,2.0,2.0,2.0,1.0,2.0
2116,1.0,4.0,0.0,1.0,1.0,0.0,2.0
2117,1.0,3.0,0.0,1.0,2.0,2.0,0.0
2118,11.0,13.0,2.0,2.0,0.0,2.0,1.0
2119,11.0,18.0,1.0,1.0,2.0,2.0,1.0
2120,11.0,14.0,0.0,1.0,0.0,0.0,1.0
2121,6.0,4.0,2.0,1.0,2.0,1.0,0.0
2122,16.0,18.0,0.0,2.0,2.0,0.0,1.0
2123,16.0,19.0,1.0,1.0,2.0,0.0,1.0
2124,15.0,23.0,2.0,2.0,0.0,0.0,0.0
2125,15.0,18.0,1.0,0.0,0.0,1.0,2.0
2126,5.0,3.0,2.0,2.0,2.0,2.0,0.0
2127,16.0,18.0,1.0,2.0,1.0,0.0,1.0
2128,6.0,3.0,2.0,2.0,0.0,2.0,1.0
2129,16.0,19.0,1.0,0.0,1.0,0.0,0.0
2130,1.0,4.0,0.0,1.0,1.0,2.0,1.0
2131,6.0,4.0,0.0,2.0,1.0,2.0,2.0
2132,1.0,3.0,0.0,1.0,0.0,0.0,0.0
2133,20.0,23.0,1.0,1.0,2.0,1.0,0.0
2134,16.0,18.0,2.0,1.0,1.0,0.0,0.0
2135,6.0,3.0,2.0,1.0,0.0,1.0,1.0
2136,0.0,4.0,1.0,1.0,1.0,0.0,1.0
2137,6.0,8.0,0.0,0.0,0.0,2.0,0.0
2138,15.0,18.0,1.0,2.0,2.0,2.0,1.0
2139,11.0,13.0,2.0,1.0,0.0,0.0,1.0
2140,1.0,4.0,0.0,1.0,2.0,2.0,2.0
2141,21.0,23.0,1.0,0.0,0.0,2.0,0.0
2142,1.0,3.0,0.0,1.0,2.0,1.0,0.0
2143,6.0,9.0,0.0,0.0,1.0,2.0,1.0
2144,15.0,23.0,1.0,1.0,1.0,1.0,1.0
2145,6.0,8.0,1.0,0.0,1.0,0.0,1.0
2146,5.0,4.0,1.0,1.0,0.0,1.0,1.0
2147,6.0,4.0,1.0,2.0,2.0,0.0,1.0
2148,16.0,23.0,0.0,0.0,0.0,0.0,1.0
2149,11.0,13.0,2.0,0.0,0.0,0.0,1.0
2150,6.0,8.0,1.0,0.0,0.0,0.0,2.0
2151,11.0,13.0,1.0,2.0,0.0,1.0,0.0
2152,11.0,13.0,1.0,1.0,0.0,0.0,2.0
2153,11.0,9.0,0.0,2.0,2.0,2.0,1.0
2154,11.0,19.0,2.0,2.0,1.0,2.0,1.0
2155,15.0,23.0,2.0,0.0,1.0,1.0,2.0
2156,11.0,13.0,0.0,1.0,2.0,1.0,0.0
2157,6.0,4.0,0.0,0.0,1.0,1.0,1.0
2158,16.0,23.0,2.0,2.0,0.0,1.0,2.0
2159,1.0,3.0,2.0,0.0,0.0,2.0,2.0
2160,11.0,9.0,1.0,2.0,1.0,0.0,2.0
2161,20.0,23.0,2.0,2.0,1.0,1.0,1.0
2162,6.0,3.0,0.0,2.0,2.0,2.0,2.0
2163,0.0,3.0,2.0,1.0,0.0,1.0,0.0
2164,15.0,18.0,2.0,0.0,0.0,1.0,1.0
2165,11.0,9.0,2.0,2.0,1.0,2.0,0.0
2166,6.0,9.0,1.0,1.0,1.0,0.0,2.0
2167,11.0,13.0,1.0,1.0,1.0,0.0,1.0
2168,1.0,3.0,1.0,2.0,0.0,2.0,2.0
2169,1.0,3.0,1.0,1.0,1.0,1.0,2.0
2170,6.0,4.0,0.0,2.0,0.0,2.0,1.0
2171,11.0,13.0,0.0,1.0,1.0,0.0,2.0
2172,11.0,4.0,1.0,1.0,2.0,2.0,1.0
2173,11.0,13.0,0.0,1.0,1.0,1.0,2.0
2174,1.0,3.0,2.0,1.0,2.0,2.0,1.0
2175,15.0,19.0,0.0,0.0,1.0,2.0,0.0
2176,16.0,18.0,1.0,2.0,1.0,2.0,1.0
2177,5.0,3.0,2.0,0.0,2.0,1.0,0.0
2178,5.0,4.0,0.0,2.0,1.0,1.0,0.0
2179,15.0,19.0,2.0,0.0,1.0,1.0,2.0
2180,11.0,9.0,1.0,2.0,1.0,1.0,2.0
2181,16.0,23.0,0.0,1.0,0.0,2.0,2.0
2182,11.0,18.0,2.0,1.0,0.0,2.0,2.0
2183,6.0,4.0,1.0,2.0,1.0,0.0,2.0
2184,11.0,8.0,1.0,2.0,2.0,0.0,2.0
2185,5.0,4.0,2.0,1.0,0.0,1.0,0.0
2186,11.0,14.0,1.0,2.0,2.0,0.0,1.0
2187,1.0,4.0,2.0,2.0,2.0,0.0,0.0
2188,6.0,8.0,0.0,1.0,1.0,2.0,1.0
2189,11.0,14.0,1.0,1.0,2.0,0.0,1.0
2190,16.0,18.0,1.0,0.0,1.0,1.0,1.0
2191,0.0,3.0,1.0,1.0,2.0,1.0,2.0
2192,6.0,9.0,0.0,1.0,1.0,2.0,0.0
2193,5.0,4.0,0.0,1.0,2.0,2.0,2.0
2194,11.0,9.0,0.0,1.0,1.0,2.0,2.0
2195,16.0,19.0,1.0,2.0,2.0,2.0,1.0
2196,15.0,23.0,2.0,2.0,0.0,1.0,1.0
2197,6.0,8.0,0.0,1.0,1.0,0.0,0.0
2198,15.0,23.0,2.0,1.0,0.0,0.0,0.0
2199,6.0,9.0,2.0,2.0,2.0,1.0,1.0
2200,1.0,4.0,1.0,1.0,1.0,2.0,1.0
2201,16.0,23.0,1.0,2.0,2.0,1.0,2.0
2202,5.0,4.0,0.0,2.0,0.0,1.0,0.0
2203,6.0,8.0,0.0,1.0,2.0,1.0,0.0
2204,16.0,19.0,2.0,1.0,1.0,2.0,2.0
2205,6.0,4.0,0.0,0.0,2.0,2.0,0.0
2206,6.0,3.0,2.0,2.0,2.0,1.0,1.0
2207,15.0,19.0,1.0,0.0,2.0,1.0,1.0
2208,1.0,4.0,1.0,1.0,2.0,1.0,2.0
2209,16.0,18.0,0.0,1.0,2.0,1.0,0.0
2210,5.0,8.0,2.0,1.0,1.0,0.0,2.0
2211,11.0,23.0,0.0,2.0,2.0,0.0,2.0
2212,11.0,18.0,1.0,0.0,1.0,2.0,1.0
2213,16.0,18.0,2.0,0.0,1.0,2.0,0.0
2214,5.0,4.0,1.0,2.0,2.0,2.0,2.0
2215,6.0,3.0,1.0,1.0,2.0,1.0,2.0
2216,21.0,23.0,1.0,2.0,2.0,1.0,1.0
2217,6.0,3.0,2.0,1.0,0.0,2.0,2.0
2218,6.0,4.0,1.0,1.0,2.0,0.0,2.0
2219,15.0,23.0,0.0,0.0,2.0,1.0,1.0
2220,6.0,8.0,1.0,2.0,2.0,2.0,0.0
2221,1.0,3.0,1.0,0.0,2.0,0.0,2.0
2222,5.0,3.0,2.0,2.0,2.0,2.0,1.0
2223,16.0,23.0,0.0,1.0,0.0,1.0,1.0
2224,16.0,23.0,1.0,2.0,0.0,0.0,2.0
2225,15.0,23.0,2.0,0.0,1.0,2.0,2.0
2226,6.0,9.0,2.0,2.0,1.0,2.0,1.0
2227,11.0,8.0,2.0,2.0,1.0,1.0,2.0
2228,0.0,3.0,2.0,2.0,0.0,0.0,1.0
2229,6.0,3.0,2.0,1.0,0.0,1.0,2.0
2230,11.0,14.0,1.0,1.0,1.0,1.0,1.0
2231,11.0,14.0,0.0,1.0,2.0,2.0,1.0
2232,16.0,18.0,1.0,1.0,2.0,1.0,0.0
2233,15.0,18.0,2.0,0.0,0.0,1.0,2.0
2234,6.0,4.0,2.0,1.0,1.0,1.0,0.0
2235,16.0,18.0,0.0,1.0,1.0,1.0,2.0
2236,6.0,8.0,1.0,2.0,1.0,1.0,2.0
2237,6.0,8.0,2.0,1.0,2.0,1.0,2.0
2238,5.0,3.0,0.0,1.0,1.0,0.0,0.0
2239,5.0,4.0,1.0,1.0,1.0,0.0,2.0
2240,11.0,14.0,1.0,1.0,2.0,2.0,1.0
2241,5.0,4.0,1.0,1.0,0.0,2.0,0.0
2242,6.0,8.0,0.0,2.0,1.0,1.0,2.0
2243,21.0,23.0,2.0,1.0,2.0,0.0,1.0
2244,11.0,13.0,1.0,1.0,2.0,0.0,2.0
2245,11.0,14.0,2.0,0.0,1.0,0.0,1.0
2246,16.0,19.0,2.0,0.0,0.0,1.0,0.0
2247,0.0,3.0,2.0,0.0,1.0,1.0,2.0
2248,1.0,3.0,2.0,1.0,1.0,0.0,2.0
2249,6.0,4.0,0.0,1.0,2.0,2.0,1.0
2250,16.0,19.0,2.0,2.0,1.0,1.0,0.0
2251,6.0,9.0,2.0,2.0,2.0,2.0,1.0
2252,15.0,18.0,0.0,0.0,2.0,2.0,2.0
2253,21.0,23.0,0.0,2.0,2.0,2.0,2.0
2254,16.0,18.0,0.0,2.0,0.0,1.0,1.0
2255,11.0,14.0,2.0,2.0,1.0,1.0,1.0
2256,0.0,4.0,1.0,0.0,1.0,2.0,1.0
2257,15.0,23.0,1.0,2.0,1.0,2.0,2.0
2258,1.0,4.0,2.0,2.0,1.0,0.0,2.0
2259,6.0,4.0,2.0,0.0,2.0,1.0,2.0
2260,5.0,4.0,0.0,1.0,0.0,2.0,0.0
2261,5.0,4.0,0.0,1.0,1.0,1.0,2.0
2262,5.0,4.0,1.0,1.0,2.0,1.0,2.0
2263,16.0,18.0,1.0,2.0,1.0,2.0,0.0
2264,15.0,19.0,0.0,2.0,1.0,1.0,2.0
2265,21.0,23.0,0.0,1.0,1.0,0.0,1.0
2266,11.0,8.0,2.0,1.0,2.0,2.0,2.0
2267,16.0,19.0,1.0,2.0,2.0,1.0,1.0
2268,11.0,14.0,0.0,1.0,2.0,0.0,1.0
2269,11.0,8.0,2.0,1.0,1.0,2.0,1.0
2270,5.0,3.0,2.0,1.0,2.0,1.0,0.0
2271,6.0,8.0,1.0,2.0,1.0,2.0,1.0
2272,6.0,8.0,2.0,2.0,1.0,0.0,2.0
2273,21.0,23.0,1.0,0.0,2.0,1.0,2.0
2274,21.0,23.0,0.0,1.0,2.0,0.0,1.0
2275,6.0,4.0,2.0,0.0,2.0,1.0,0.0
2276,11.0,18.0,1.0,1.0,2.0,2.0,0.0
2277,15.0,19.0,2.0,2.0,1.0,1.0,2.0
2278,11.0,4.0,2.0,0.0,1.0,0.0,2.0
2279,16.0,18.0,2.0,0.0,0.0,2.0,2.0
2280,11.0,9.0,0.0,2.0,0.0,0.0,1.0
2281,6.0,9.0,1.0,1.0,2.0,0.0,1.0
2282,6.0,4.0,1.0,1.0,2.0,0.0,1.0
2283,1.0,4.0,2.0,1.0,0.0,1.0,1.0
2284,16.0,23.0,0.0,0.0,2.0,2.0,2.0
2285,15.0,23.0,1.0,2.0,2.0,2.0,0.0
2286,1.0,4.0,2.0,0.0,0.0,0.0,1.0
2287,11.0,14.0,0.0,1.0,1.0,0.0,1.0
2288,15.0,19.0,0.0,1.0,2.0,1.0,0.0
2289,16.0,23.0,2.0,0.0,1.0,1.0,2.0
2290,16.0,23.0,1.0,1.0,2.0,2.0,2.0
2291,21.0,23.0,0.0,1.0,2.0,1.0,2.0
2292,16.0,19.0,1.0,2.0,1.0,1.0,0.0
2293,15.0,23.0,1.0,1.0,2.0,2.0,0.0
2294,6.0,8.0,2.0,2.0,1.0,1.0,0.0
2295,16.0,19.0,1.0,2.0,1.0,2.0,2.0
2296,15.0,23.0,0.0,1.0,1.0,0.0,1.0
2297,1.0,4.0,2.0,2.0,1.0,2.0,0.0
2298,6.0,4.0,2.0,0.0,1.0,2.0,2.0
2299,5.0,8.0,2.0,2.0,1.0,1.0,1.0
2300,6.0,3.0,2.0,0.0,1.0,0.0,2.0
2301,6.0,8.0,2.0,1.0,2.0,0.0,1.0
2302,16.0,19.0,0.0,0.0,1.0,1.0,2.0
2303,0.0,4.0,1.0,2.0,1.0,1.0,2.0
2304,11.0,3.0,2.0,2.0,1.0,1.0,1.0
2305,11.0,8.0,0.0,2.0,2.0,1.0,1.0
2306,16.0,19.0,2.0,0.0,0.0,2.0,0.0
2307,0.0,3.0,1.0,2.0,1.0,2.0,0.0
2308,11.0,14.0,2.0,1.0,2.0,2.0,1.0
2309,6.0,9.0,0.0,1.0,1.0,0.0,2.0
2310,11.0,9.0,2.0,2.0,1.0,0.0,2.0
2311,5.0,9.0,0.0,2.0,1.0,2.0,2.0
2312,6.0,8.0,2.0,2.0,2.0,1.0,1.0
2313,16.0,18.0,2.0,2.0,2.0,2.0,1.0
2314,1.0,4.0,1.0,0.0,1.0,2.0,1.0
2315,16.0,19.0,2.0,2.0,1.0,2.0,2.0
2316,16.0,19.0,1.0,2.0,2.0,1.0,2.0
2317,6.0,4.0,0.0,0.0,1.0,1.0,2.0
2318,16.0,19.0,1.0,1.0,1.0,2.0,1.0
2319,6.0,3.0,2.0,2.0,1.0,2.0,0.0
2320,6.0,4.0,0.0,2.0,1.0,1.0,1.0
2321,20.0,23.0,2.0,2.0,2.0,0.0,2.0
2322,16.0,19.0,2.0,0.0,0.0,1.0,2.0
2323,16.0,19.0,2.0,2.0,2.0,1.0,2.0
2324,6.0,9.0,2.0,2.0,2.0,0.0,0.0
2325,1.0,3.0,2.0,2.0,1.0,2.0,2.0
2326,5.0,3.0,1.0,1.0,2.0,1.0,0.0
2327,15.0,23.0,0.0,1.0,2.0,0.0,1.0
2328,11.0,9.0,0.0,2.0,2.0,0.0,2.0
2329,16.0,23.0,0.0,2.0,0.0,0.0,0.0
2330,15.0,23.0,2.0,1.0,0.0,1.0,0.0
2331,16.0,23.0,1.0,2.0,1.0,1.0,0.0
2332,6.0,9.0,2.0,2.0,0.0,0.0,0.0
2333,16.0,19.0,1.0,1.0,2.0,2.0,1.0
2334,6.0,3.0,2.0,0.0,0.0,1.0,2.0
2335,6.0,8.0,2.0,2.0,2.0,0.0,0.0
2336,6.0,3.0,2.0,1.0,2.0,0.0,2.0
2337,6.0,3.0,1.0,2.0,0.0,1.0,2.0
2338,15.0,23.0,1.0,1.0,0.0,1.0,2.0
2339,6.0,9.0,2.0,2.0,1.0,1.0,2.0
2340,6.0,9.0,0.0,2.0,2.0,2.0,0.0
2341,16.0,23.0,1.0,1.0,0.0,0.0,2.0
2342,1.0,4.0,2.0,1.0,2.0,0.0,2.0
2343,16.0,19.0,2.0,1.0,2.0,1.0,2.0
2344,6.0,4.0,2.0,1.0,0.0,2.0,0.0
2345,6.0,4.0,1.0,2.0,1.0,0.0,1.0
2346,6.0,9.0,2.0,1.0,0.0,1.0,2.0
2347,11.0,8.0,1.0,2.0,2.0,1.0,1.0
2348,6.0,3.0,2.0,1.0,1.0,1.0,2.0
2349,6.0,9.0,0.0,2.0,2.0,2.0,2.0
2350,11.0,13.0,0.0,0.0,2.0,0.0,1.0
2351,15.0,19.0,1.0,1.0,0.0,2.0,1.0
2352,1.0,3.0,1.0,2.0,0.0,1.0,0.0
2353,16.0,19.0,0.0,2.0,0.0,1.0,0.0
2354,11.0,13.0,2.0,2.0,2.0,1.0,0.0
2355,1.0,3.0,1.0,0.0,1.0,1.0,0.0
2356,21.0,23.0,2.0,1.0,2.0,2.0,2.0
2357,6.0,9.0,2.0,1.0,0.0,0.0,1.0
2358,16.0,19.0,2.0,2.0,1.0,1.0,1.0
2359,20.0,23.0,2.0,2.0,2.0,2.0,2.0
2360,5.0,3.0,2.0,2.0,2.0,1.0,1.0
2361,0.0,4.0,1.0,1.0,1.0,1.0,2.0
2362,6.0,4.0,2.0,0.0,1.0,1.0,1.0
2363,1.0,3.0,1.0,1.0,2.0,0.0,2.0
2364,16.0,18.0,0.0,2.0,2.0,2.0,1.0
2365,5.0,4.0,1.0,1.0,1.0,0.0,0.0
2366,6.0,8.0,2.0,1.0,2.0,2.0,2.0
2367,6.0,8.0,2.0,1.0,0.0,1.0,1.0
2368,16.0,23.0,1.0,0.0,0.0,1.0,1.0
2369,6.0,4.0,0.0,2.0,2.0,1.0,1.0
2370,16.0,18.0,0.0,2.0,1.0,2.0,1.0
2371,1.0,4.0,1.0,1.0,0.0,0.0,2.0
2372,15.0,18.0,2.0,1.0,1.0,1.0,1.0
2373,11.0,13.0,0.0,1.0,2.0,0.0,2.0
2374,16.0,19.0,0.0,2.0,0.0,2.0,0.0
2375,15.0,18.0,2.0,0.0,0.0,2.0,1.0
2376,15.0,23.0,1.0,1.0,0.0,0.0,0.0
2377,6.0,4.0,2.0,1.0,1.0,1.0,1.0
2378,11.0,23.0,1.0,1.0,1.0,1.0,2.0
2379,6.0,9.0,2.0,1.0,0.0,2.0,1.0
2380,6.0,4.0,2.0,0.0,0.0,2.0,1.0
2381,16.0,18.0,0.0,0.0,0.0,2.0,1.0
2382,11.0,13.0,0.0,2.0,1.0,0.0,0.0
