,Fact id,Fact,SF,Fact actions,Recourse,fidelity,num_cfs,uncertainty,sparsity,exceptionality,Value
0,99,"[1.0, 4.0, 0.0, 1.0, 0.0, 1.0, 2.0]","[5.0, 4.0, 2.0, 1.0, 0.0, 1.0, 2.0]","[0, 3, 4]","[0, 5, 2]",0.13809676258824766,False,1.0,1.0,0.7142857142857143,0
1,99,"[1.0, 4.0, 0.0, 1.0, 0.0, 1.0, 2.0]","[6.0, 4.0, 2.0, 1.0, 0.0, 1.0, 2.0]","[0, 3, 4]","[-1, 0, -1]",0.3427425026893616,False,1.0,0.3333333333333333,1.0,0
2,99,"[1.0, 4.0, 0.0, 1.0, 0.0, 1.0, 2.0]","[15.0, 4.0, 2.0, 1.0, 1.0, 0.0, 2.0]","[0, 3, 4]","[-1, 1, 1]",0.043974148109555244,False,1.0,0.6666666666666666,1.0,0
3,99,"[1.0, 4.0, 0.0, 1.0, 0.0, 1.0, 2.0]","[12.0, 4.0, 2.0, 1.0, 0.0, 1.0, 2.0]","[0, 3, 4]","[1, 0, 0]",0.10440697645147641,False,1.0,1.0,0.8333333333333334,0
4,99,"[1.0, 4.0, 0.0, 1.0, 0.0, 1.0, 2.0]","[15.0, 4.0, 2.0, 1.0, 1.0, 2.0, 2.0]","[0, 3, 4]","[1, 5, 1]",0.0309148991946131,False,1.0,1.0,1.0,0
5,153,"[16.0, 19.0, 2.0, 1.0, 2.0, 0.0, 1.0]","[5.0, 19.0, 2.0, 0.0, 2.0, 1.0, 1.0]","[1, 1, 1]","[2, 1, -1]",0.1845532450824976,False,1.0,0.6666666666666666,0.75,0
6,153,"[16.0, 19.0, 2.0, 1.0, 2.0, 0.0, 1.0]","[6.0, 19.0, 0.0, 1.0, 2.0, 1.0, 1.0]","[1, 1, 1]","[4, 1, 5]",0.17986996502925953,False,1.0,1.0,0.8888888888888888,0
7,153,"[16.0, 19.0, 2.0, 1.0, 2.0, 0.0, 1.0]","[16.0, 19.0, 2.0, 0.0, 2.0, 0.0, 1.0]","[1, 1, 1]","[1, 1, 1]",0.7164844473203024,False,0.6,1.0,0.8888888888888888,0
8,153,"[16.0, 19.0, 2.0, 1.0, 2.0, 0.0, 1.0]","[0.0, 19.0, 0.0, 1.0, 2.0, 2.0, 1.0]","[1, 1, 1]","[4, 2, -1]",0.027155473129823804,False,1.0,0.6666666666666666,1.0,0
9,153,"[16.0, 19.0, 2.0, 1.0, 2.0, 0.0, 1.0]","[11.0, 19.0, 0.0, 0.0, 2.0, 2.0, 1.0]","[1, 1, 1]","[4, 1, 1]",0.3607973079197109,False,1.0,1.0,0.7222222222222222,0
10,230,"[16.0, 23.0, 1.0, 1.0, 2.0, 2.0, 2.0]","[16.0, 23.0, 1.0, 1.0, 2.0, 2.0, 0.0]","[1, 1, 1]","[1, 1, 1]",0.6518884301185608,False,1.0,1.0,0.6666666666666666,0
11,230,"[16.0, 23.0, 1.0, 1.0, 2.0, 2.0, 2.0]","[11.0, 23.0, 1.0, 0.0, 2.0, 2.0, 1.0]","[1, 1, 1]","[1, 4, 1]",0.4091680919130643,False,1.0,1.0,0.7777777777777778,0
12,230,"[16.0, 23.0, 1.0, 1.0, 2.0, 2.0, 2.0]","[11.0, 23.0, 1.0, 1.0, 0.0, 2.0, 2.0]","[1, 1, 1]","[1, 1, 4]",0.3835415934057285,False,1.0,1.0,0.8333333333333334,0
13,230,"[16.0, 23.0, 1.0, 1.0, 2.0, 2.0, 2.0]","[1.0, 23.0, 2.0, 1.0, 2.0, 2.0, 2.0]","[1, 1, 1]","[-1, 4, 3]",0.13227587193250656,False,1.0,0.6666666666666666,1.0,0
14,230,"[16.0, 23.0, 1.0, 1.0, 2.0, 2.0, 2.0]","[0.0, 23.0, 2.0, 1.0, 2.0, 2.0, 0.0]","[1, 1, 1]","[4, 3, 2]",0.10905138403177261,False,1.0,1.0,1.0,0
15,334,"[6.0, 8.0, 2.0, 0.0, 2.0, 0.0, 1.0]","[22.0, 8.0, 1.0, 1.0, 2.0, 0.0, 0.0]","[3, 3, 4]","[0, 1, 4]",0.08191131924589475,False,1.0,1.0,0.7222222222222223,0
16,334,"[6.0, 8.0, 2.0, 0.0, 2.0, 0.0, 1.0]","[16.0, 8.0, 0.0, 1.0, 2.0, 0.0, 2.0]","[3, 3, 4]","[-1, -1, 5]",0.0007625168655067682,False,1.0,0.3333333333333333,1.0,0
17,334,"[6.0, 8.0, 2.0, 0.0, 2.0, 0.0, 1.0]","[6.0, 8.0, 1.0, 0.0, 2.0, 0.0, 0.0]","[3, 3, 4]","[3, 3, 4]",0.7238257527351379,False,1.0,1.0,0.6666666666666666,0
18,334,"[6.0, 8.0, 2.0, 0.0, 2.0, 0.0, 1.0]","[11.0, 8.0, 0.0, 1.0, 0.0, 0.0, 0.0]","[3, 3, 4]","[3, 4, 4]",0.2781792824001362,False,1.0,1.0,0.7142857142857143,0
19,461,"[6.0, 9.0, 1.0, 0.0, 2.0, 0.0, 1.0]","[15.0, 9.0, 1.0, 2.0, 2.0, 1.0, 0.0]","[0, 3, 4]","[-1, 1, 4]",0.04187316447496414,False,1.0,0.6666666666666666,1.0,0
20,461,"[6.0, 9.0, 1.0, 0.0, 2.0, 0.0, 1.0]","[20.0, 9.0, 1.0, 2.0, 2.0, 0.0, 0.0]","[0, 3, 4]","[1, 1, 5]",0.030591077947368223,False,1.0,1.0,1.0,0
21,461,"[6.0, 9.0, 1.0, 0.0, 2.0, 0.0, 1.0]","[11.0, 9.0, 1.0, 2.0, 2.0, 1.0, 2.0]","[0, 3, 4]","[-1, -1, 0]",0.3991859257221222,False,1.0,0.3333333333333333,1.0,0
22,461,"[6.0, 9.0, 1.0, 0.0, 2.0, 0.0, 1.0]","[12.0, 9.0, 1.0, 2.0, 0.0, 2.0, 0.0]","[0, 3, 4]","[0, 4, 0]",0.18768266045177975,False,0.1,1.0,1.0,0
23,461,"[6.0, 9.0, 1.0, 0.0, 2.0, 0.0, 1.0]","[16.0, 9.0, 1.0, 2.0, 0.0, 2.0, 0.0]","[0, 3, 4]","[0, 4, 1]",0.1503718253225088,False,1.0,1.0,0.75,0
24,515,"[11.0, 14.0, 1.0, 2.0, 2.0, 0.0, 1.0]","[15.0, 14.0, 1.0, 0.0, 2.0, 1.0, 1.0]","[0, 3, 3]","[3, 3, 1]",0.23283921678860983,False,1.0,1.0,0.75,0
25,515,"[11.0, 14.0, 1.0, 2.0, 2.0, 0.0, 1.0]","[20.0, 14.0, 1.0, 0.0, 2.0, 1.0, 1.0]","[0, 3, 3]","[5, 4, 2]",0.06931643863208592,False,1.0,1.0,1.0,0
26,515,"[11.0, 14.0, 1.0, 2.0, 2.0, 0.0, 1.0]","[16.0, 14.0, 2.0, 0.0, 2.0, 2.0, 1.0]","[0, 3, 3]","[3, 5, 0]",0.23279076015266278,False,1.0,1.0,0.8333333333333334,0
27,515,"[11.0, 14.0, 1.0, 2.0, 2.0, 0.0, 1.0]","[20.0, 14.0, 2.0, 1.0, 2.0, 1.0, 1.0]","[0, 3, 3]","[1, 4, -1]",0.08455381169915199,False,1.0,0.6666666666666666,1.0,0
28,515,"[11.0, 14.0, 1.0, 2.0, 2.0, 0.0, 1.0]","[17.0, 14.0, 0.0, 2.0, 2.0, 0.0, 1.0]","[0, 3, 3]","[0, 3, 0]",0.39946235716342926,False,0.8,1.0,0.7777777777777777,0
29,515,"[11.0, 14.0, 1.0, 2.0, 2.0, 0.0, 1.0]","[16.0, 14.0, 0.0, 1.0, 2.0, 2.0, 1.0]","[0, 3, 3]","[0, 3, 0]",0.3980135420958201,False,0.8,1.0,1.0,0
30,560,"[11.0, 14.0, 1.0, 2.0, 0.0, 0.0, 0.0]","[0.0, 14.0, 0.0, 2.0, 0.0, 1.0, 0.0]","[1, 1, 4]","[4, 2, 2]",0.08136673892537753,False,1.0,1.0,0.8333333333333334,0
31,560,"[11.0, 14.0, 1.0, 2.0, 0.0, 0.0, 0.0]","[11.0, 14.0, 1.0, 0.0, 0.0, 2.0, 2.0]","[1, 1, 4]","[1, 4, 1]",0.4484649122847865,False,0.4,1.0,0.7777777777777778,0
32,560,"[11.0, 14.0, 1.0, 2.0, 0.0, 0.0, 0.0]","[6.0, 14.0, 1.0, 2.0, 1.0, 2.0, 0.0]","[1, 1, 4]","[1, 0, 5]",0.20750893272149065,False,1.0,1.0,0.75,0
33,560,"[11.0, 14.0, 1.0, 2.0, 0.0, 0.0, 0.0]","[10.0, 14.0, 1.0, 2.0, 0.0, 0.0, 0.0]","[1, 1, 4]","[2, 1, 1]",0.45513638854026794,False,1.0,1.0,0.6666666666666666,0
34,560,"[11.0, 14.0, 1.0, 2.0, 0.0, 0.0, 0.0]","[12.0, 14.0, 1.0, 2.0, 0.0, 0.0, 0.0]","[1, 1, 4]","[1, 1, 0]",0.47139525165160495,False,0.6,1.0,0.5,0
35,560,"[11.0, 14.0, 1.0, 2.0, 0.0, 0.0, 0.0]","[0.0, 14.0, 1.0, 2.0, 0.0, 1.0, 1.0]","[1, 1, 4]","[-1, 0, 2]",0.06352923810482025,False,1.0,0.6666666666666666,1.0,0
36,560,"[11.0, 14.0, 1.0, 2.0, 0.0, 0.0, 0.0]","[2.0, 14.0, 0.0, 2.0, 0.0, 0.0, 2.0]","[1, 1, 4]","[-1, 4, 0]",0.09536800533533096,False,0.1,0.6666666666666666,1.0,0
37,560,"[11.0, 14.0, 1.0, 2.0, 0.0, 0.0, 0.0]","[2.0, 14.0, 0.0, 2.0, 1.0, 1.0, 2.0]","[1, 1, 4]","[5, 4, 0]",0.054043125516424574,False,0.3,1.0,1.0,0
38,620,"[1.0, 4.0, 0.0, 1.0, 0.0, 1.0, 2.0]","[0.0, 4.0, 1.0, 0.0, 0.0, 2.0, 2.0]","[3, 0, 4]","[4, 3, 5]",0.29850071063265204,False,0.3,1.0,0.75,0
39,620,"[1.0, 4.0, 0.0, 1.0, 0.0, 1.0, 2.0]","[0.0, 4.0, 1.0, 1.0, 2.0, 0.0, 2.0]","[3, 0, 4]","[4, 3, 5]",0.17496621934697032,False,0.3,1.0,1.0,0
40,620,"[1.0, 4.0, 0.0, 1.0, 0.0, 1.0, 2.0]","[10.0, 4.0, 0.0, 0.0, 0.0, 0.0, 2.0]","[3, 0, 4]","[-1, 1, -1]",0.010197699069976807,False,1.0,0.3333333333333333,1.0,0
41,620,"[1.0, 4.0, 0.0, 1.0, 0.0, 1.0, 2.0]","[16.0, 4.0, 1.0, 0.0, 2.0, 0.0, 2.0]","[3, 0, 4]","[0, 1, 1]",0.04923250153660774,False,1.0,1.0,0.7333333333333334,0
42,620,"[1.0, 4.0, 0.0, 1.0, 0.0, 1.0, 2.0]","[1.0, 4.0, 0.0, 0.0, 1.0, 2.0, 2.0]","[3, 0, 4]","[0, 3, -1]",0.4125676900148392,False,0.6,0.6666666666666666,1.0,0
43,620,"[1.0, 4.0, 0.0, 1.0, 0.0, 1.0, 2.0]","[1.0, 4.0, 0.0, 0.0, 0.0, 0.0, 2.0]","[3, 0, 4]","[0, 3, -1]",0.435931071639061,False,0.6,0.6666666666666666,0.625,0
44,620,"[1.0, 4.0, 0.0, 1.0, 0.0, 1.0, 2.0]","[2.0, 4.0, 0.0, 2.0, 2.0, 1.0, 2.0]","[3, 0, 4]","[0, 3, 0]",0.3204297994573911,False,0.5,1.0,0.6956521739130435,0
45,620,"[1.0, 4.0, 0.0, 1.0, 0.0, 1.0, 2.0]","[2.0, 4.0, 0.0, 0.0, 0.0, 2.0, 2.0]","[3, 0, 4]","[3, 0, 0]",0.26541563868522644,False,0.7,1.0,0.5833333333333334,0
46,620,"[1.0, 4.0, 0.0, 1.0, 0.0, 1.0, 2.0]","[7.0, 4.0, 2.0, 0.0, 2.0, 0.0, 2.0]","[3, 0, 4]","[-1, 0, 0]",0.1224372386932373,False,0.7,0.6666666666666666,0.625,0
47,620,"[1.0, 4.0, 0.0, 1.0, 0.0, 1.0, 2.0]","[7.0, 4.0, 1.0, 0.0, 0.0, 0.0, 2.0]","[3, 0, 4]","[0, 0, 5]",0.04802562676680585,False,0.9,1.0,1.0,0
48,620,"[1.0, 4.0, 0.0, 1.0, 0.0, 1.0, 2.0]","[10.0, 4.0, 1.0, 1.0, 2.0, 0.0, 2.0]","[3, 0, 4]","[5, 1, 5]",0.00466102179295073,False,1.0,1.0,1.0,0
49,620,"[1.0, 4.0, 0.0, 1.0, 0.0, 1.0, 2.0]","[10.0, 4.0, 2.0, 1.0, 1.0, 0.0, 2.0]","[3, 0, 4]","[-1, 1, 5]",0.00623157387599349,False,1.0,0.6666666666666666,1.0,0
50,625,"[20.0, 23.0, 0.0, 1.0, 2.0, 2.0, 0.0]","[0.0, 23.0, 1.0, 1.0, 2.0, 2.0, 2.0]","[1, 1, 1]","[4, 5, 3]",0.02979127108119428,False,1.0,1.0,1.0,0
51,625,"[20.0, 23.0, 0.0, 1.0, 2.0, 2.0, 0.0]","[5.0, 23.0, 0.0, 1.0, 2.0, 2.0, 1.0]","[1, 1, 1]","[-1, 2, 5]",0.060022860183380544,False,1.0,0.6666666666666666,1.0,0
52,625,"[20.0, 23.0, 0.0, 1.0, 2.0, 2.0, 0.0]","[6.0, 23.0, 2.0, 1.0, 2.0, 2.0, 0.0]","[1, 1, 1]","[-1, 0, -1]",0.14720433950424194,False,1.0,0.3333333333333333,1.0,0
53,625,"[20.0, 23.0, 0.0, 1.0, 2.0, 2.0, 0.0]","[15.0, 23.0, 1.0, 1.0, 2.0, 2.0, 2.0]","[1, 1, 1]","[5, 1, 1]",0.2715658814025422,False,1.0,1.0,0.6666666666666666,0
54,762,"[5.0, 9.0, 0.0, 0.0, 1.0, 1.0, 0.0]","[20.0, 9.0, 0.0, 2.0, 1.0, 0.0, 0.0]","[3, 3, 3]","[2, 3, 1]",0.17549637705087662,False,1.0,1.0,0.8333333333333334,0
55,762,"[5.0, 9.0, 0.0, 0.0, 1.0, 1.0, 0.0]","[11.0, 9.0, 0.0, 2.0, 1.0, 0.0, 1.0]","[3, 3, 3]","[3, 0, 3]",0.4897601902484894,False,1.0,1.0,0.6666666666666666,0
56,762,"[5.0, 9.0, 0.0, 0.0, 1.0, 1.0, 0.0]","[21.0, 9.0, 1.0, 2.0, 1.0, 2.0, 0.0]","[3, 3, 3]","[-1, 0, -1]",0.13047759234905243,False,1.0,0.3333333333333333,1.0,0
57,762,"[5.0, 9.0, 0.0, 0.0, 1.0, 1.0, 0.0]","[10.0, 9.0, 0.0, 0.0, 1.0, 1.0, 0.0]","[3, 3, 3]","[3, 3, -1]",0.5479272902011871,False,1.0,0.6666666666666666,0.75,0
58,762,"[5.0, 9.0, 0.0, 0.0, 1.0, 1.0, 0.0]","[17.0, 9.0, 1.0, 0.0, 1.0, 0.0, 2.0]","[3, 3, 3]","[0, 3, 0]",0.2859095384677251,False,0.8,1.0,0.8333333333333334,0
59,762,"[5.0, 9.0, 0.0, 0.0, 1.0, 1.0, 0.0]","[17.0, 9.0, 1.0, 2.0, 1.0, 0.0, 0.0]","[3, 3, 3]","[0, 3, 0]",0.2804139405488968,False,0.8,1.0,1.0,0
60,762,"[5.0, 9.0, 0.0, 0.0, 1.0, 1.0, 0.0]","[20.0, 9.0, 2.0, 2.0, 1.0, 2.0, 0.0]","[3, 3, 3]","[5, 2, -1]",0.04526011674897745,False,1.0,0.6666666666666666,1.0,0
61,762,"[5.0, 9.0, 0.0, 0.0, 1.0, 1.0, 0.0]","[20.0, 9.0, 1.0, 2.0, 1.0, 1.0, 2.0]","[3, 3, 3]","[3, 5, 1]",0.19145652178364495,False,1.0,1.0,0.7333333333333334,0
62,1047,"[11.0, 13.0, 0.0, 2.0, 1.0, 1.0, 2.0]","[20.0, 13.0, 1.0, 2.0, 1.0, 1.0, 2.0]","[3, 3, 0]","[2, 4, 4]",0.03741084598004818,False,1.0,1.0,1.0,0
63,1047,"[11.0, 13.0, 0.0, 2.0, 1.0, 1.0, 2.0]","[21.0, 13.0, 0.0, 0.0, 1.0, 1.0, 0.0]","[3, 3, 0]","[0, 4, -1]",0.15123052499257028,False,1.0,0.6666666666666666,1.0,0
64,1047,"[11.0, 13.0, 0.0, 2.0, 1.0, 1.0, 2.0]","[10.0, 13.0, 1.0, 1.0, 1.0, 1.0, 2.0]","[3, 3, 0]","[4, 3, 3]",0.32813629259665805,False,1.0,1.0,0.8333333333333334,0
65,1047,"[11.0, 13.0, 0.0, 2.0, 1.0, 1.0, 2.0]","[5.0, 13.0, 1.0, 0.0, 1.0, 1.0, 2.0]","[3, 3, 0]","[3, 3, 3]",0.3304947304228942,False,1.0,1.0,0.75,0
66,1454,"[11.0, 13.0, 1.0, 0.0, 0.0, 1.0, 1.0]","[0.0, 13.0, 0.0, 1.0, 2.0, 1.0, 1.0]","[1, 1, 4]","[2, 5, -1]",0.04422341147437692,False,1.0,0.6666666666666666,1.0,0
67,1454,"[11.0, 13.0, 1.0, 0.0, 0.0, 1.0, 1.0]","[11.0, 13.0, 0.0, 2.0, 0.0, 1.0, 1.0]","[1, 1, 4]","[1, 1, 4]",0.6012375851472219,False,1.0,1.0,0.75,0
68,1454,"[11.0, 13.0, 1.0, 0.0, 0.0, 1.0, 1.0]","[3.0, 13.0, 1.0, 1.0, 2.0, 1.0, 1.0]","[1, 1, 4]","[0, 1, 0]",0.1316976621747017,False,0.5,1.0,1.0,0
69,1619,"[6.0, 9.0, 2.0, 0.0, 1.0, 1.0, 0.0]","[21.0, 9.0, 1.0, 1.0, 0.0, 0.0, 0.0]","[3, 3, 4]","[1, 4, 4]",0.02044619619846344,False,1.0,1.0,0.75,0
70,1619,"[6.0, 9.0, 2.0, 0.0, 1.0, 1.0, 0.0]","[6.0, 9.0, 0.0, 0.0, 0.0, 1.0, 0.0]","[3, 3, 4]","[3, 4, 3]",0.5085924118757248,False,0.7,1.0,0.7083333333333334,0
71,1619,"[6.0, 9.0, 2.0, 0.0, 1.0, 1.0, 0.0]","[6.0, 9.0, 0.0, 0.0, 0.0, 2.0, 0.0]","[3, 3, 4]","[3, 4, 3]",0.5226186985770861,False,0.7,1.0,0.5499999999999999,0
72,1619,"[6.0, 9.0, 2.0, 0.0, 1.0, 1.0, 0.0]","[16.0, 9.0, 0.0, 1.0, 2.0, 0.0, 0.0]","[3, 3, 4]","[5, 5, -1]",0.0005884920537937433,False,1.0,0.6666666666666666,1.0,0
73,1619,"[6.0, 9.0, 2.0, 0.0, 1.0, 1.0, 0.0]","[6.0, 9.0, 2.0, 0.0, 0.0, 0.0, 2.0]","[3, 3, 4]","[3, 3, -1]",0.703975111246109,False,0.6,0.6666666666666666,1.0,0
74,1619,"[6.0, 9.0, 2.0, 0.0, 1.0, 1.0, 0.0]","[5.0, 9.0, 1.0, 0.0, 1.0, 0.0, 1.0]","[3, 3, 4]","[3, 3, 2]",0.5141622548302015,False,1.0,1.0,0.44047619047619047,0
75,1619,"[6.0, 9.0, 2.0, 0.0, 1.0, 1.0, 0.0]","[7.0, 9.0, 1.0, 0.0, 1.0, 0.0, 1.0]","[3, 3, 4]","[3, 3, 0]",0.5109102353453636,False,0.7,1.0,0.6904761904761906,0
76,1619,"[6.0, 9.0, 2.0, 0.0, 1.0, 1.0, 0.0]","[15.0, 9.0, 0.0, 1.0, 0.0, 0.0, 2.0]","[3, 3, 4]","[5, 2, 4]",0.06277288118144497,False,1.0,1.0,0.7333333333333334,0
77,1619,"[6.0, 9.0, 2.0, 0.0, 1.0, 1.0, 0.0]","[11.0, 9.0, 2.0, 0.0, 0.0, 1.0, 0.0]","[3, 3, 4]","[4, 4, 3]",0.30380815515915555,False,1.0,1.0,0.5277777777777778,0
78,1619,"[6.0, 9.0, 2.0, 0.0, 1.0, 1.0, 0.0]","[11.0, 9.0, 0.0, 0.0, 0.0, 2.0, 0.0]","[3, 3, 4]","[-1, 3, -1]",0.7435901761054993,False,1.0,0.3333333333333333,0.25,0
79,1619,"[6.0, 9.0, 2.0, 0.0, 1.0, 1.0, 0.0]","[11.0, 9.0, 2.0, 0.0, 1.0, 2.0, 0.0]","[3, 3, 4]","[3, 3, 1]",0.5095250584806005,False,1.0,1.0,0.47222222222222215,0
80,1619,"[6.0, 9.0, 2.0, 0.0, 1.0, 1.0, 0.0]","[6.0, 9.0, 1.0, 0.0, 0.0, 0.0, 1.0]","[3, 3, 4]","[5, 3, 3]",0.47682696699242416,False,0.5,1.0,0.75,0
81,1619,"[6.0, 9.0, 2.0, 0.0, 1.0, 1.0, 0.0]","[11.0, 9.0, 1.0, 2.0, 0.0, 0.0, 0.0]","[3, 3, 4]","[-1, 4, 3]",0.3281055763363838,False,1.0,0.6666666666666666,0.625,0
82,1619,"[6.0, 9.0, 2.0, 0.0, 1.0, 1.0, 0.0]","[6.0, 9.0, 0.0, 0.0, 2.0, 1.0, 0.0]","[3, 3, 4]","[-1, 3, 3]",0.7222515344619751,False,0.4,0.6666666666666666,1.0,0
83,1619,"[6.0, 9.0, 2.0, 0.0, 1.0, 1.0, 0.0]","[6.0, 9.0, 1.0, 0.0, 0.0, 1.0, 2.0]","[3, 3, 4]","[3, 5, 3]",0.4805719441889475,False,0.3,1.0,1.0,0
84,1619,"[6.0, 9.0, 2.0, 0.0, 1.0, 1.0, 0.0]","[6.0, 9.0, 0.0, 0.0, 1.0, 2.0, 0.0]","[3, 3, 4]","[3, 5, 3]",0.4980274501722306,False,0.3,1.0,0.75,0
85,1619,"[6.0, 9.0, 2.0, 0.0, 1.0, 1.0, 0.0]","[16.0, 9.0, 1.0, 1.0, 0.0, 0.0, 0.0]","[3, 3, 4]","[-1, -1, 5]",0.0007662808638997376,False,1.0,0.3333333333333333,1.0,0
86,1619,"[6.0, 9.0, 2.0, 0.0, 1.0, 1.0, 0.0]","[12.0, 9.0, 0.0, 0.0, 0.0, 1.0, 2.0]","[3, 3, 4]","[-1, 3, 0]",0.421796515583992,False,0.7,0.6666666666666666,1.0,0
87,1619,"[6.0, 9.0, 2.0, 0.0, 1.0, 1.0, 0.0]","[12.0, 9.0, 1.0, 0.0, 0.0, 0.0, 2.0]","[3, 3, 4]","[3, 0, -1]",0.41874566301703453,False,0.8,0.6666666666666666,1.0,0
88,1619,"[6.0, 9.0, 2.0, 0.0, 1.0, 1.0, 0.0]","[18.0, 9.0, 2.0, 0.0, 0.0, 0.0, 0.0]","[3, 3, 4]","[4, 0, 0]",0.06938584397236507,False,0.7,1.0,0.75,0
89,1619,"[6.0, 9.0, 2.0, 0.0, 1.0, 1.0, 0.0]","[17.0, 9.0, 0.0, 1.0, 2.0, 0.0, 1.0]","[3, 3, 4]","[0, 3, -1]",0.14353128522634506,False,0.9,0.6666666666666666,1.0,0
90,1625,"[1.0, 3.0, 2.0, 2.0, 2.0, 1.0, 2.0]","[15.0, 3.0, 2.0, 0.0, 0.0, 0.0, 2.0]","[3, 3, 3]","[2, 4, -1]",0.046828676015138626,False,1.0,0.6666666666666666,0.5714285714285714,0
91,1625,"[1.0, 3.0, 2.0, 2.0, 2.0, 1.0, 2.0]","[17.0, 3.0, 2.0, 0.0, 0.0, 0.0, 2.0]","[3, 3, 3]","[-1, -1, 0]",0.06304531544446945,False,1.0,0.3333333333333333,1.0,0
92,1625,"[1.0, 3.0, 2.0, 2.0, 2.0, 1.0, 2.0]","[7.0, 3.0, 2.0, 0.0, 2.0, 2.0, 2.0]","[3, 3, 3]","[3, 3, 0]",0.5149276405572891,False,0.7,1.0,1.0,0
93,1625,"[1.0, 3.0, 2.0, 2.0, 2.0, 1.0, 2.0]","[16.0, 3.0, 2.0, 2.0, 0.0, 1.0, 2.0]","[3, 3, 3]","[5, 5, -1]",0.0017370351706631482,False,1.0,0.6666666666666666,1.0,0
94,1625,"[1.0, 3.0, 2.0, 2.0, 2.0, 1.0, 2.0]","[21.0, 3.0, 2.0, 1.0, 0.0, 0.0, 0.0]","[3, 3, 3]","[1, 1, 4]",0.06757619806254904,False,0.8,1.0,1.0,0
95,1625,"[1.0, 3.0, 2.0, 2.0, 2.0, 1.0, 2.0]","[5.0, 3.0, 2.0, 0.0, 0.0, 0.0, 2.0]","[3, 3, 3]","[2, 3, 3]",0.3615116973718007,False,1.0,1.0,0.48412698412698413,0
96,1625,"[1.0, 3.0, 2.0, 2.0, 2.0, 1.0, 2.0]","[5.0, 3.0, 2.0, 2.0, 0.0, 0.0, 2.0]","[3, 3, 3]","[2, 3, 3]",0.37086114287376404,False,1.0,1.0,0.47222222222222227,0
97,1625,"[1.0, 3.0, 2.0, 2.0, 2.0, 1.0, 2.0]","[21.0, 3.0, 2.0, 2.0, 0.0, 0.0, 0.0]","[3, 3, 3]","[1, 0, 4]",0.036627608351409435,False,0.9,1.0,1.0,0
98,2115,"[1.0, 3.0, 0.0, 0.0, 2.0, 2.0, 1.0]","[5.0, 3.0, 2.0, 2.0, 2.0, 2.0, 0.0]","[3, 3, 4]","[2, 4, 3]",0.19052146126826605,False,1.0,1.0,0.5333333333333333,0
99,2115,"[1.0, 3.0, 0.0, 0.0, 2.0, 2.0, 1.0]","[5.0, 3.0, 2.0, 1.0, 2.0, 2.0, 1.0]","[3, 3, 4]","[2, 4, 3]",0.15229615320762,False,1.0,1.0,0.9166666666666666,0
100,2115,"[1.0, 3.0, 0.0, 0.0, 2.0, 2.0, 1.0]","[6.0, 3.0, 2.0, 1.0, 0.0, 2.0, 1.0]","[3, 3, 4]","[4, 3, -1]",0.32641974731814116,False,1.0,0.6666666666666666,0.75,0
101,2115,"[1.0, 3.0, 0.0, 0.0, 2.0, 2.0, 1.0]","[7.0, 3.0, 2.0, 0.0, 0.0, 2.0, 0.0]","[3, 3, 4]","[4, 3, 0]",0.25945446570403874,False,0.8,1.0,1.0,0
102,2115,"[1.0, 3.0, 0.0, 0.0, 2.0, 2.0, 1.0]","[11.0, 3.0, 2.0, 2.0, 0.0, 2.0, 2.0]","[3, 3, 4]","[2, 0, 4]",0.16766277025453746,False,1.0,1.0,0.8888888888888888,0
103,2115,"[1.0, 3.0, 0.0, 0.0, 2.0, 2.0, 1.0]","[11.0, 3.0, 2.0, 0.0, 1.0, 2.0, 0.0]","[3, 3, 4]","[4, 5, 5]",0.001689831066566209,False,1.0,1.0,1.0,0
104,2115,"[1.0, 3.0, 0.0, 0.0, 2.0, 2.0, 1.0]","[16.0, 3.0, 2.0, 2.0, 0.0, 2.0, 2.0]","[3, 3, 4]","[4, 1, -1]",0.033128763432614505,False,1.0,0.6666666666666666,1.0,0
105,2115,"[1.0, 3.0, 0.0, 0.0, 2.0, 2.0, 1.0]","[8.0, 3.0, 2.0, 2.0, 2.0, 2.0, 1.0]","[3, 3, 4]","[3, 0, 0]",0.39336396257082623,False,0.4,1.0,1.0,0
106,2224,"[16.0, 23.0, 0.0, 2.0, 0.0, 0.0, 1.0]","[6.0, 23.0, 2.0, 0.0, 1.0, 0.0, 1.0]","[1, 1, 1]","[0, 2, 1]",0.2579328864812851,False,1.0,1.0,0.7222222222222222,0
107,2224,"[16.0, 23.0, 0.0, 2.0, 0.0, 0.0, 1.0]","[1.0, 23.0, 0.0, 1.0, 1.0, 0.0, 1.0]","[1, 1, 1]","[5, 3, 4]",0.060108277636269726,False,1.0,1.0,0.7222222222222223,0
108,2224,"[16.0, 23.0, 0.0, 2.0, 0.0, 0.0, 1.0]","[11.0, 23.0, 0.0, 1.0, 1.0, 1.0, 1.0]","[1, 1, 1]","[1, 1, 0]",0.4247588962316513,False,0.8,1.0,0.7333333333333334,0
109,2224,"[16.0, 23.0, 0.0, 2.0, 0.0, 0.0, 1.0]","[16.0, 23.0, 0.0, 0.0, 0.0, 0.0, 1.0]","[1, 1, 1]","[1, 1, 1]",0.5810898145039877,False,1.0,1.0,0.525,0
110,2224,"[16.0, 23.0, 0.0, 2.0, 0.0, 0.0, 1.0]","[11.0, 23.0, 0.0, 1.0, 0.0, 0.0, 1.0]","[1, 1, 1]","[-1, 1, 1]",0.5587387979030609,False,1.0,0.6666666666666666,0.625,0
111,2224,"[16.0, 23.0, 0.0, 2.0, 0.0, 0.0, 1.0]","[10.0, 23.0, 0.0, 2.0, 0.0, 0.0, 1.0]","[1, 1, 1]","[1, 1, 2]",0.3978346437215805,False,1.0,1.0,0.5277777777777778,0
112,2224,"[16.0, 23.0, 0.0, 2.0, 0.0, 0.0, 1.0]","[8.0, 23.0, 0.0, 0.0, 2.0, 0.0, 1.0]","[1, 1, 1]","[0, 0, 1]",0.19786993662516275,False,0.8,1.0,1.0,0
113,2224,"[16.0, 23.0, 0.0, 2.0, 0.0, 0.0, 1.0]","[6.0, 23.0, 1.0, 0.0, 1.0, 1.0, 1.0]","[1, 1, 1]","[0, 1, 2]",0.26166797677675885,False,1.0,1.0,0.6862745098039215,0
114,2224,"[16.0, 23.0, 0.0, 2.0, 0.0, 0.0, 1.0]","[6.0, 23.0, 0.0, 1.0, 1.0, 0.0, 1.0]","[1, 1, 1]","[3, 1, -1]",0.29048486799001694,False,1.0,0.6666666666666666,0.8,0
115,2224,"[16.0, 23.0, 0.0, 2.0, 0.0, 0.0, 1.0]","[1.0, 23.0, 1.0, 0.0, 1.0, 0.0, 1.0]","[1, 1, 1]","[-1, -1, 5]",0.0042635248973965645,False,1.0,0.3333333333333333,1.0,0
116,2225,"[11.0, 14.0, 1.0, 0.0, 1.0, 0.0, 2.0]","[5.0, 14.0, 1.0, 1.0, 1.0, 0.0, 0.0]","[3, 3, 0]","[3, 3, 3]",0.33356846558550995,False,1.0,1.0,0.75,0
117,2225,"[11.0, 14.0, 1.0, 0.0, 1.0, 0.0, 2.0]","[5.0, 14.0, 1.0, 2.0, 1.0, 0.0, 0.0]","[3, 3, 0]","[3, 3, 3]",0.3054802802701791,False,1.0,1.0,0.8333333333333334,0
118,2225,"[11.0, 14.0, 1.0, 0.0, 1.0, 0.0, 2.0]","[10.0, 14.0, 1.0, 0.0, 1.0, 0.0, 0.0]","[3, 3, 0]","[3, 3, 4]",0.3659333388010661,False,1.0,1.0,0.7333333333333334,0
119,2225,"[11.0, 14.0, 1.0, 0.0, 1.0, 0.0, 2.0]","[20.0, 14.0, 1.0, 2.0, 1.0, 1.0, 2.0]","[3, 3, 0]","[4, 5, 4]",0.04179137238922218,False,1.0,1.0,1.0,0
120,2225,"[11.0, 14.0, 1.0, 0.0, 1.0, 0.0, 2.0]","[20.0, 14.0, 1.0, 1.0, 1.0, 1.0, 1.0]","[3, 3, 0]","[2, 4, -1]",0.094940435141325,False,1.0,0.6666666666666666,1.0,0
121,2225,"[11.0, 14.0, 1.0, 0.0, 1.0, 0.0, 2.0]","[16.0, 14.0, 1.0, 0.0, 1.0, 2.0, 2.0]","[3, 3, 0]","[3, 0, 0]",0.3086935679117839,False,0.9,1.0,1.0,0
122,2326,"[11.0, 8.0, 1.0, 2.0, 1.0, 0.0, 0.0]","[21.0, 8.0, 2.0, 2.0, 1.0, 0.0, 0.0]","[3, 3, 0]","[4, 0, 5]",0.08391775594403346,False,1.0,1.0,1.0,0
123,2326,"[11.0, 8.0, 1.0, 2.0, 1.0, 0.0, 0.0]","[21.0, 8.0, 2.0, 2.0, 1.0, 1.0, 1.0]","[3, 3, 0]","[0, 5, -1]",0.11353985883761197,False,1.0,0.6666666666666666,1.0,0
124,2326,"[11.0, 8.0, 1.0, 2.0, 1.0, 0.0, 0.0]","[10.0, 8.0, 0.0, 2.0, 1.0, 0.0, 0.0]","[3, 3, 0]","[-1, 3, 3]",0.3787836283445358,False,1.0,0.6666666666666666,0.75,0
125,2326,"[11.0, 8.0, 1.0, 2.0, 1.0, 0.0, 0.0]","[5.0, 8.0, 1.0, 2.0, 1.0, 0.0, 0.0]","[3, 3, 0]","[3, 3, 3]",0.35981499155362445,False,1.0,1.0,0.5833333333333334,0
126,2326,"[11.0, 8.0, 1.0, 2.0, 1.0, 0.0, 0.0]","[10.0, 8.0, 2.0, 2.0, 1.0, 2.0, 2.0]","[3, 3, 0]","[4, 3, 3]",0.2494315281510353,False,1.0,1.0,0.8333333333333334,0
127,2340,"[6.0, 9.0, 0.0, 2.0, 1.0, 0.0, 1.0]","[21.0, 9.0, 0.0, 0.0, 1.0, 0.0, 0.0]","[3, 3, 3]","[-1, 5, 4]",0.016992944641970098,False,1.0,0.6666666666666666,1.0,0
128,2340,"[6.0, 9.0, 0.0, 2.0, 1.0, 0.0, 1.0]","[16.0, 9.0, 0.0, 0.0, 1.0, 2.0, 0.0]","[3, 3, 3]","[5, 5, 3]",0.2340459319530055,False,1.0,1.0,0.8333333333333334,0
129,2340,"[6.0, 9.0, 0.0, 2.0, 1.0, 0.0, 1.0]","[6.0, 9.0, 2.0, 0.0, 1.0, 2.0, 0.0]","[3, 3, 3]","[3, 3, 3]",0.7005424499511719,False,0.4,1.0,0.75,0
130,2340,"[6.0, 9.0, 0.0, 2.0, 1.0, 0.0, 1.0]","[6.0, 9.0, 0.0, 0.0, 1.0, 0.0, 1.0]","[3, 3, 3]","[3, 3, 3]",0.7012349168459574,False,0.4,1.0,0.625,0
131,2340,"[6.0, 9.0, 0.0, 2.0, 1.0, 0.0, 1.0]","[16.0, 9.0, 2.0, 0.0, 1.0, 2.0, 0.0]","[3, 3, 3]","[3, 5, 0]",0.29019889685635764,False,1.0,1.0,0.7777777777777778,0
132,2340,"[6.0, 9.0, 0.0, 2.0, 1.0, 0.0, 1.0]","[11.0, 9.0, 0.0, 2.0, 1.0, 0.0, 0.0]","[3, 3, 3]","[-1, 3, 3]",0.5980828106403351,False,1.0,0.6666666666666666,0.75,0
133,2340,"[6.0, 9.0, 0.0, 2.0, 1.0, 0.0, 1.0]","[16.0, 9.0, 1.0, 1.0, 1.0, 2.0, 2.0]","[3, 3, 3]","[3, 3, 1]",0.4023908407737811,False,1.0,1.0,0.75,0
134,2340,"[6.0, 9.0, 0.0, 2.0, 1.0, 0.0, 1.0]","[21.0, 9.0, 0.0, 0.0, 1.0, 2.0, 2.0]","[3, 3, 3]","[-1, -1, 4]",0.06829749047756195,False,1.0,0.3333333333333333,1.0,0
135,2340,"[6.0, 9.0, 0.0, 2.0, 1.0, 0.0, 1.0]","[18.0, 9.0, 2.0, 2.0, 1.0, 1.0, 0.0]","[3, 3, 3]","[0, 0, 3]",0.22941325853268305,False,0.8,1.0,1.0,0
136,2340,"[6.0, 9.0, 0.0, 2.0, 1.0, 0.0, 1.0]","[21.0, 9.0, 0.0, 1.0, 1.0, 2.0, 1.0]","[3, 3, 3]","[3, 0, 1]",0.29061087779700756,False,1.0,1.0,0.7777777777777777,0
137,2378,"[6.0, 9.0, 1.0, 1.0, 2.0, 2.0, 0.0]","[22.0, 9.0, 1.0, 1.0, 0.0, 0.0, 0.0]","[3, 3, 3]","[4, 4, 0]",0.059847972045342125,False,1.0,1.0,0.5,0
138,2378,"[6.0, 9.0, 1.0, 1.0, 2.0, 2.0, 0.0]","[21.0, 9.0, 1.0, 1.0, 2.0, 0.0, 1.0]","[3, 3, 3]","[-1, 5, 0]",0.053587880451232195,False,1.0,0.6666666666666666,1.0,0
139,2378,"[6.0, 9.0, 1.0, 1.0, 2.0, 2.0, 0.0]","[20.0, 9.0, 1.0, 1.0, 0.0, 0.0, 2.0]","[3, 3, 3]","[2, 4, 4]",0.04169608155886332,False,1.0,1.0,1.0,0
140,2378,"[6.0, 9.0, 1.0, 1.0, 2.0, 2.0, 0.0]","[21.0, 9.0, 1.0, 1.0, 2.0, 1.0, 1.0]","[3, 3, 3]","[4, 4, 1]",0.04867935056487719,False,1.0,1.0,0.75,0
141,2378,"[6.0, 9.0, 1.0, 1.0, 2.0, 2.0, 0.0]","[16.0, 9.0, 1.0, 1.0, 0.0, 2.0, 1.0]","[3, 3, 3]","[-1, 3, -1]",0.683115541934967,False,1.0,0.3333333333333333,1.0,0
142,2378,"[6.0, 9.0, 1.0, 1.0, 2.0, 2.0, 0.0]","[11.0, 9.0, 1.0, 1.0, 1.0, 0.0, 1.0]","[3, 3, 3]","[-1, 3, 3]",0.6711792647838593,False,1.0,0.6666666666666666,0.75,0
143,2378,"[6.0, 9.0, 1.0, 1.0, 2.0, 2.0, 0.0]","[16.0, 9.0, 1.0, 1.0, 2.0, 1.0, 2.0]","[3, 3, 3]","[1, 3, 0]",0.31458886464436847,False,0.9,1.0,1.0,0
